station id,latitude,longitude,Arrivals_true,Departures_true,Arrivals,Departures,name
505,40.74901271,-73.98848395,211.3736264,213.1282051,1561.09271,1549.261869,6 Ave & W 33 St
3255,40.75058535,-73.99468482,208.1611722,212.8864469,827.49809,811.5159504,8 Ave & W 31 St
525,40.75594159,-74.0021163,110.2161172,112.1062271,174.1337358,171.3804197,W 34 St & 11 Ave
447,40.76370739,-73.9851615,125.9450549,125.7435897,994.3902998,997.2126296,8 Ave & W 52 St
3356,40.7746671,-73.98470567,46,45.2014652,245.5560794,257.1688703,Amsterdam Ave & W 66 St
482,40.73935542,-73.99931783,179.2967033,182.7069597,1014.561729,997.5710684,W 15 St & 7 Ave
228,40.7546011,-73.97187886,72.1025641,72.32967033,531.7006013,532.5792014,E 48 St & 3 Ave
173,40.76068327,-73.98452729,173.0842491,173.8241758,652.0071733,657.7919618,Broadway & W 49 St
479,40.76019252,-73.9912551,163.7912088,164.7289377,996.9841644,992.6534269,9 Ave & W 45 St
450,40.76227205,-73.98788205,158.3663004,157.010989,896.1916766,899.1259227,W 49 St & 8 Ave
347,40.728846,-74.008591,149.4139194,152.9340659,480.6057455,471.4111032,Greenwich St & W Houston St
127,40.73172428,-74.00674436,167.3516484,169.4725275,535.524657,527.788508,Barrow St & Hudson St
3635,40.75462324,-73.99516761,88.81684982,89.32967033,513.5565769,511.3401745,W 36 St & 9 Ave
457,40.76695317,-73.98169333,206.3479853,202.985348,701.1252513,718.1712658,Broadway & W 58 St
523,40.75466591,-73.99138152,179.5054945,180.1465201,764.9632472,761.5017855,W 38 St & 8 Ave
514,40.76087502,-74.00277668,242.6703297,251.014652,311.0876079,302.1209475,12 Ave & W 40 St
478,40.76030096,-73.99884222,130.4798535,131.6959707,372.4582843,367.2546972,11 Ave & W 41 St
484,40.75500254,-73.98014437,84.3040293,85.33333333,778.5471753,776.0800067,W 44 St & 5 Ave
490,40.751551,-73.993934,230.2600733,230.4688645,681.9088215,672.786229,8 Ave & W 33 St
500,40.76228826,-73.98336183,98.66300366,101.6410256,412.9447962,405.344374,Broadway & W 51 St
477,40.75640548,-73.9900262,247.992674,248.2271062,798.0223077,798.0476711,W 41 St & 8 Ave
529,40.7575699,-73.99098507,128.6336996,129.8095238,370.9438001,371.1459074,W 42 St & 8 Ave
3459,40.75763228,-73.96930575,82.92673993,83.1978022,612.4429683,610.5940206,E 53 St & 3 Ave
3236,40.75898481,-73.99379969,115.9267399,112.3479853,463.8452996,469.6745512,W 42 St & Dyer Ave
3233,40.75724568,-73.97805914,149.2454212,149.7252747,474.3732278,469.129758,E 48 St & 5 Ave
465,40.75513557,-73.98658032,189.1135531,189.0695971,700.7079493,701.027064,Broadway & W 41 St
487,40.73314259,-73.97573881,146.5128205,134.959707,196.8106595,208.1592327,E 20 St & FDR Drive
469,40.76344058,-73.98268129,111.7069597,101.5934066,551.4675275,569.263369,Broadway & W 53 St
359,40.75510267,-73.97498696,204.5054945,201.8095238,583.7728179,586.0828599,E 47 St & Park Ave
379,40.749156,-73.9916,207.2380952,209.3919414,1159.271778,1152.288388,W 31 St & 7 Ave
3167,40.77966809,-73.98093045,148.8937729,142.7619048,517.8187626,583.6315892,Amsterdam Ave & W 73 St
3175,40.77748046,-73.98288594,67.84981685,65.50915751,243.3320967,269.0081759,W 70 St & Amsterdam Ave
3173,40.77750703,-73.98888588,81.07326007,81.23809524,209.8342745,210.417453,Riverside Blvd & W 67 St
442,40.746647,-73.993915,158.029304,158.021978,807.3180208,801.2211439,W 27 St & 7 Ave
546,40.74444921,-73.98303529,108.3296703,108.7985348,590.483533,589.8409998,E 30 St & Park Ave S
3435,40.718822,-73.99596,186.4285714,185.8168498,613.3612956,612.0228404,Grand St & Elizabeth St
328,40.72405549,-74.00965965,102.2564103,102.8095238,358.6378592,352.8762735,Watts St & Greenwich St
3534,40.805159,-73.954692,55.46886447,60.1978022,211.0667835,195.4450369,Frederick Douglass Blvd & W 117 St
2006,40.76590936,-73.97634151,232.7912088,232.0915751,457.6556545,485.618199,Central Park S & 6 Ave
383,40.735238,-74.000271,136.1208791,139.2857143,934.761087,916.151296,Greenwich Ave & Charles St
2021,40.75929124,-73.98859651,129.7619048,129.6996337,513.9488716,514.7329048,W 45 St & 8 Ave
3141,40.76500525,-73.95818491,158.2197802,158.9413919,370.2459223,368.8296354,1 Ave & E 68 St
72,40.76727216,-73.99392888,108.8791209,109.4285714,211.8695511,211.1706121,W 52 St & 11 Ave
519,40.751873,-73.977706,422.3516484,420.8571429,1496.061217,1501.837523,Pershing Square North
480,40.76669671,-73.99061728,106.5641026,106.5604396,389.0481001,388.9290096,W 53 St & 10 Ave
520,40.75992262,-73.97648516,100.4285714,105.025641,459.4025189,446.1376642,W 52 St & 5 Ave
358,40.73291553,-74.00711384,222.0732601,225.029304,441.4215677,436.0589861,Christopher St & Greenwich St
212,40.74334935,-74.00681753,127.6336996,128.040293,726.7213985,715.6249829,W 16 St & The High Line
388,40.74971775,-74.00295035,110.992674,113.8388278,560.6009933,549.5239453,W 26 St & 10 Ave
448,40.75660359,-73.9979009,121.2820513,121.5604396,300.176151,298.8122951,W 37 St & 10 Ave
3458,40.76309387,-73.97835016,102.2600733,102.7069597,492.8262924,496.3824764,W 55 St & 6 Ave
468,40.7652654,-73.98192338,130.9084249,129.2930403,430.9548292,430.8941509,Broadway & W 56 St
3323,40.7981856,-73.9605909,52.42857143,49.57875458,139.882831,150.4412808,W 106 St & Central Park West
507,40.73912601,-73.97973776,142.3882784,141.2344322,684.2860359,687.4713594,E 25 St & 2 Ave
380,40.73401143,-74.00293877,131.1758242,132.7435897,633.9673344,625.7590401,W 4 St & 7 Ave S
504,40.73221853,-73.98165557,183.996337,188.5494505,724.1933563,706.9631898,1 Ave & E 16 St
426,40.71754834,-74.01322069,280.1172161,296.010989,1101.419843,1048.898001,West St & Chambers St
446,40.74487634,-73.99529885,177.7362637,178.3113553,750.7589783,745.475264,W 24 St & 7 Ave
2009,40.71117444,-73.99682619,63.21611722,63.996337,288.4954911,284.8225786,Catherine St & Monroe St
382,40.73492695,-73.99200509,210.0695971,215.5347985,1469.034642,1434.85883,University Pl & E 14 St
515,40.76009437,-73.99461843,120.3076923,121.2600733,449.3779289,446.5025442,W 43 St & 10 Ave
3443,40.76132983,-73.97982001,130.1538462,136.2710623,386.532349,382.3671599,W 52 St & 6 Ave
449,40.76461837,-73.98789473,9.893772894,9.776556777,141.6216299,141.9452392,W 52 St & 9 Ave
3283,40.7882213,-73.97041561,73.63736264,58.61904762,209.2185323,235.3697046,W 89 St & Columbus Ave
377,40.72243797,-74.00566443,116.96337,124.1611722,508.4095087,489.709068,6 Ave & Canal St
458,40.751396,-74.005226,161.4102564,171.5238095,319.5888854,308.2301058,11 Ave & W 27 St
522,40.75714758,-73.97207836,62.27838828,62.9047619,390.4799219,386.7642653,E 51 St & Lexington Ave
3259,40.74937024,-73.99923384,64.83882784,65.2014652,381.4773463,377.5375564,9 Ave & W 28 St
2023,40.75968085,-73.97031366,51.46886447,51.6043956,368.964859,365.1130773,E 55 St & Lexington Ave
499,40.76915505,-73.98191841,236.3150183,232.5164835,520.7096327,529.0023254,Broadway & W 60 St
492,40.75019995,-73.99093085,219.2197802,228.7838828,811.157598,802.4792256,W 33 St & 7 Ave
3301,40.7919557,-73.968087,80.56776557,72.71428571,169.9033761,191.5228476,Columbus Ave & W 95 St
3224,40.73997354,-74.00513873,55.24908425,59.17948718,754.670783,728.9548654,W 13 St & Hudson St
491,40.74096374,-73.98602213,171.7399267,170.7362637,802.8812681,800.6389234,E 24 St & Park Ave S
385,40.75797322,-73.96603308,18.82051282,18.87179487,296.7628986,296.0128727,E 55 St & 2 Ave
526,40.74765947,-73.98490707,108.6117216,108.5531136,739.5090506,741.6921482,E 33 St & 5 Ave
459,40.746745,-74.007756,206.7069597,216.996337,473.2394369,457.3361523,W 20 St & 11 Ave
3643,40.75272201,-73.98123622,21.27106227,20.42124542,539.4128968,546.389826,E 41 St & 5 Ave
486,40.7462009,-73.98855723,155.0952381,154.6923077,829.7267824,828.3367527,Broadway & W 29 St
257,40.71939226,-74.00247214,90.61538462,92.48351648,402.6455448,394.7403423,Lispenard St & Broadway
540,40.74311555,-73.98215353,133.7985348,134.2380952,572.3048553,572.0177998,Lexington Ave & E 29 St
3002,40.711512,-74.015756,223.047619,223.8827839,393.8459909,391.4672352,South End Ave & Liberty St
517,40.751581,-73.97791,143.1025641,137.1098901,477.8238022,490.9102178,Pershing Square South
368,40.73038599,-74.00214988,228.5384615,233.4798535,867.5038577,849.283673,Carmine St & 6 Ave
3331,40.8013434,-73.97114574,41.47252747,40.34432234,89.96935432,97.83118054,Riverside Dr & W 104 St
3462,40.75118387,-73.97138715,57.59340659,57.78021978,363.9365492,362.8715358,E 44 St & 2 Ave
3641,40.74286877,-73.98918629,203.7106227,203.9194139,909.0246122,909.3011182,Broadway & W 25 St
530,40.771522,-73.990541,126.0512821,124.6996337,322.8364951,325.986243,11 Ave & W 59 St
164,40.75323098,-73.97032517,80.00732601,79.93040293,365.5094584,365.245203,E 47 St & 2 Ave
3231,40.7678008,-73.96592081,23.27472527,23.08058608,161.472756,162.9072053,E 67 St & Park Ave
362,40.75172632,-73.98753523,64.80586081,64.05860806,612.3711922,611.3201243,Broadway & W 37 St
3142,40.7612274,-73.96094022,112.7216117,112.9377289,387.253302,386.4348815,1 Ave & E 62 St
267,40.75097711,-73.98765428,111.8644689,110.1172161,646.2346736,644.6584734,Broadway & W 36 St
435,40.74173969,-73.99415556,296.3150183,300.7289377,977.0353707,965.3414681,W 21 St & 6 Ave
3320,40.79406661,-73.96286845,59.53479853,56.65934066,241.3060965,261.2598083,Central Park West & W 100 St
284,40.73901691,-74.00263761,50.31135531,51.35897436,546.8848069,536.0520425,Greenwich Ave & 8 Ave
423,40.76584941,-73.98690506,93.32234432,93.43956044,347.8436707,349.4030072,W 54 St & 9 Ave
297,40.734232,-73.986923,148.5347985,148.4871795,918.3617724,914.6837722,E 15 St & 3 Ave
533,40.75299641,-73.98721619,104.4945055,103.5054945,341.7746726,341.1078941,Broadway & W 38 St
524,40.75527307,-73.98316936,119.6300366,120.3479853,544.9367173,543.9102097,W 43 St & 6 Ave
441,40.756014,-73.967416,87.28937729,87.3003663,419.7125006,419.0259943,E 52 St & 2 Ave
3256,40.72771408,-74.01129574,163.4945055,165.007326,203.4482624,201.7286303,Pier 40 - Hudson River Park
3160,40.77896784,-73.97374737,101.3406593,93.72527473,220.5564684,246.4300957,Central Park West & W 76 St
305,40.76095756,-73.96724467,113.4285714,113.6080586,506.1259228,505.3264483,E 58 St & 3 Ave
485,40.75038009,-73.98338988,87.20512821,86.61538462,323.7195538,325.6871593,W 37 St & 5 Ave
3314,40.7937704,-73.971888,71.56410256,69.38095238,272.3508485,284.54603,W 95 St & Broadway
3316,40.7989937,-73.96621738,17.08791209,13.94139194,101.2452075,119.4295716,W 104 St & Amsterdam Ave
3155,40.76440023,-73.96648977,60.17216117,60.47619048,234.4224936,233.9010564,Lexington Ave & E 63 St
2008,40.70569254,-74.01677685,146.8498168,147.2564103,404.8766342,392.7298874,Little West St & 1 Pl
146,40.71625008,-74.0091059,79.61172161,80.3992674,803.4958499,791.2829789,Hudson St & Reade St
336,40.73047747,-73.99906065,145.1794872,149.7142857,1036.913216,1008.714109,Sullivan St & Washington Sq
495,40.76269882,-73.99301222,114.8351648,115.2893773,488.9188264,488.2020463,W 47 St & 10 Ave
405,40.739323,-74.008119,171.6227106,171.5347985,545.8455013,533.9992463,Washington St & Gansevoort St
494,40.74734825,-73.99723551,160.8827839,161.5091575,622.7676291,619.7836668,W 26 St & 8 Ave
536,40.74144387,-73.97536082,121.2051282,121.4505495,684.4128213,683.229555,1 Ave & E 30 St
3223,40.75899656,-73.96865398,102.040293,102.5128205,296.5777719,295.3554829,E 55 St & 3 Ave
3533,40.8114323,-73.9518776,25.02930403,25.91208791,104.4641686,101.1344023,St. Nicholas Ave & W 126 St
248,40.72185379,-74.00771779,33.67032967,33.94871795,205.2896888,200.4613918,Laight St & Hudson St
3461,40.71485151,-74.01122332,95.79120879,99.18315018,842.9796952,811.5290358,Murray St & Greenwich St
508,40.76341379,-73.99667444,109.4652015,110.1941392,296.6257037,294.6133205,W 46 St & 11 Ave
3372,40.7689738,-73.95482273,67.4029304,68.04761905,315.8332985,313.1240502,E 74 St & 1 Ave
302,40.72082834,-73.97793172,61.55677656,62.12820513,352.0471668,354.5647208,Avenue D & E 3 St
3360,40.7829391,-73.9786517,83.94871795,81.01831502,358.7034604,391.5857132,Amsterdam Ave & W 79 St
440,40.75255434,-73.97282625,85.90842491,86.23443223,313.5408724,315.1110241,E 45 St & 3 Ave
3263,40.72951496,-73.9907527,201.4212454,203.4761905,1011.011993,995.0298097,Cooper Square & Astor Pl
3434,40.79025417,-73.9771834,30.39194139,29.08791209,174.8715984,191.4552967,W 88 St & West End Ave
161,40.72917025,-73.99810231,91.85714286,93.89010989,587.353568,575.9405751,LaGuardia Pl & W 3 St
3431,40.746524,-73.977885,84.34432234,84.60805861,487.6328822,488.4068539,E 35 St & 3 Ave
470,40.74345335,-74.00004031,85.93040293,86.91208791,683.7581928,674.9766307,W 20 St & 8 Ave
3176,40.77452835,-73.98753759,47.13186813,45.71794872,222.9780716,227.3197298,W 64 St & West End Ave
3140,40.77140426,-73.9535166,106.2417582,107.8168498,381.6337027,376.8264718,1 Ave & E 78 St
496,40.73726186,-73.99238967,158.2344322,163.3589744,1007.88165,985.0105397,E 16 St & 5 Ave
3658,40.74353373,-74.00367558,75.51282051,76.42124542,730.1377994,717.9439019,W 18 St & 9 Ave
462,40.74691959,-74.00451887,179.2783883,181.5054945,812.2992461,793.8854434,W 22 St & 10 Ave
456,40.7597108,-73.97402311,102.4358974,108.2967033,285.5266309,283.7798821,E 53 St & Madison Ave
3437,40.79313481,-73.97700369,36.33699634,35.16483516,105.2311798,107.513562,Riverside Dr & W 91 St
537,40.74025878,-73.98409214,179.4249084,178.3919414,410.8618737,411.6597263,Lexington Ave & E 24 St
3235,40.75216528,-73.97992194,110.8388278,111.021978,281.0230661,280.7755371,E 41 St & Madison Ave
345,40.73649403,-73.99704374,115.1355311,115.5164835,759.480069,749.8507234,W 13 St & 6 Ave
363,40.70834698,-74.01713445,111.1941392,112.2454212,256.5743391,254.9846573,West Thames St
518,40.74780373,-73.9734419,147.4542125,147.1831502,403.1769078,403.1811196,E 39 St & 2 Ave
253,40.73543934,-73.99453948,72.37728938,73.00732601,474.0314558,469.0732685,W 13 St & 5 Ave
3178,40.78414472,-73.98362492,47.55677656,46.2014652,140.8199491,143.6713136,Riverside Dr & W 78 St
509,40.7454973,-74.00197139,169.989011,172.3956044,496.0009341,487.5216601,9 Ave & W 22 St
3307,40.7941654,-73.974124,42.51282051,42.21978022,130.9374662,133.9487179,West End Ave & W 94 St
402,40.7403432,-73.98955109,294.5018315,301.018315,1052.283189,1029.353712,Broadway & E 22 St
394,40.72521311,-73.97768752,106.3333333,100.4249084,493.073591,502.6440219,E 9 St & Avenue C
527,40.744023,-73.976056,80.23076923,80.05860806,436.859096,437.5063812,E 33 St & 2 Ave
3366,40.8021174,-73.96818053,36.52747253,30.28571429,139.2164303,161.5459728,West End Ave & W 107 St
3162,40.78339981,-73.98093133,60.24542125,54.85347985,168.9481364,180.4525922,W 78 St & Broadway
3244,40.73143724,-73.99490342,119.1794872,120.0549451,802.0829149,791.9277181,University Pl & E 8 St
360,40.70717936,-74.00887308,57.93040293,57.91208791,549.9160155,547.3438264,William St & Pine St
3163,40.7734066,-73.97782542,154.3772894,139.4322344,342.3370036,395.1469558,Central Park West & W 68 St
3547,40.8143256,-73.9590255,37.13553114,38.91575092,91.87035753,89.10178742,Broadway & Moylan Pl
303,40.72362738,-73.99949601,101.2600733,103.2820513,570.0489272,560.892183,Mercer St & Spring St
223,40.73781509,-73.99994661,101.2197802,102.3919414,394.4375963,391.8340707,W 13 St & 7 Ave
167,40.7489006,-73.97604882,119.7032967,119.4945055,584.5943982,589.9191023,E 39 St & 3 Ave
387,40.71273266,-74.0046073,206.981685,205.6336996,735.7913037,739.3769564,Centre St & Chambers St
3659,40.74294892,-74.00413692,94.73626374,98.57875458,622.7770905,604.5009775,W 17 St & 9 Ave
268,40.71910537,-73.99973337,116.1904762,116.7032967,447.8338275,445.538652,Howard St & Centre St
3143,40.77632142,-73.96427393,99.45421245,98.5970696,176.0974674,176.7679406,5 Ave & E 78 St
3158,40.77163851,-73.98261428,127.0732601,112.9267399,238.231501,259.9024044,W 63 St & Broadway
3359,40.7691572,-73.96703464,32.20512821,32.12820513,168.1779725,169.0503914,E 68 St & Madison Ave
309,40.7149787,-74.013012,90.08424908,92.71062271,404.26782,399.7780002,Murray St & West St
259,40.70122128,-74.01234218,90.68864469,91.8021978,463.8007652,450.2452592,South St & Whitehall St
393,40.72299208,-73.97995466,59.13919414,60.86813187,400.9013258,392.9423656,E 5 St & Avenue C
422,40.770513,-73.988038,82.82051282,81.70695971,208.9109467,211.6532969,W 59 St & 10 Ave
3161,40.78018397,-73.97728533,89.31135531,67.44322344,437.8315351,522.579395,W 76 St & Columbus Ave
3145,40.77862688,-73.95772073,41.51282051,39.80586081,255.1719665,258.3513092,E 84 St & Park Ave
3508,40.809725,-73.953149,36.3992674,37.75457875,94.91096445,91.42360904,St Nicholas Ave & Manhattan Ave
249,40.71870987,-74.0090009,46.66666667,47.01098901,338.9153954,332.8314326,Harrison St & Hudson St
3166,40.78057799,-73.98562431,75.22344322,75.80586081,143.5320639,144.8079996,Riverside Dr & W 72 St
3542,40.8086249,-73.9596214,27.73626374,21.88278388,84.41565562,105.1542724,Amsterdam Ave & W 119 St
247,40.73535398,-74.00483091,74.41758242,74.82417582,546.3681057,540.201828,Perry St & Bleecker St
503,40.73827428,-73.98751968,114.7435897,115.0549451,720.1935912,720.2100233,E 20 St & Park Ave
301,40.72217444,-73.98368779,109.5970696,120.5787546,686.258922,639.144314,E 2 St & Avenue B
513,40.768254,-73.988639,81.34798535,81.40659341,148.7065142,149.3596034,W 56 St & 10 Ave
3376,40.76471852,-73.9622207,39.45054945,39.58608059,255.7183631,255.4686689,E 65 St & 2 Ave
304,40.70463334,-74.01361706,129.0695971,145.0915751,749.6221417,684.5026877,Broadway & Battery Pl
236,40.7284186,-73.98713956,143.6593407,150.3296703,1036.130789,1010.915526,St Marks Pl & 2 Ave
3362,40.7781314,-73.96069399,53.57509158,53.48351648,188.5873209,190.4571166,Madison Ave & E 82 St
3129,40.75110165,-73.94073717,72.91941392,73.15018315,312.1785834,311.0972338,Queens Plaza North & Crescent St
3489,40.71069995,-74.00354147,36.21978022,36.47985348,298.3633277,295.6427312,Gold St & Frankfort St
3305,40.7811223,-73.94965589,68.89377289,70.10989011,351.5095478,344.9758623,E 91 St & 2 Ave
238,40.7361967,-74.00859207,70.53113553,71.27838828,471.7389261,467.9920877,Bank St & Washington St
355,40.71602118,-73.99974372,94.88644689,95.87912088,450.0806277,445.1520554,Bayard St & Baxter St
3472,40.74275383,-74.00747359,108.5677656,118.4615385,475.9163069,456.4434733,W 15 St & 10 Ave
3169,40.78720869,-73.98128127,52.02564103,51.27106227,114.0731007,121.6751793,Riverside Dr & W 82 St
3159,40.77492513,-73.98266566,118.2527473,108.8791209,230.9313126,263.8975011,W 67 St & Broadway
369,40.73224119,-74.00026394,88.2967033,88.95970696,375.5633172,371.8947787,Washington Pl & 6 Ave
453,40.74475148,-73.99915362,174.8937729,175.2234432,529.3989943,527.5407639,W 22 St & 8 Ave
281,40.7643971,-73.97371465,224.0769231,189.9450549,972.4219956,1108.700139,Grand Army Plaza & Central Park S
498,40.74854862,-73.98808416,160.4725275,158.1135531,661.6565771,656.7810081,Broadway & W 32 St
3375,40.7699426,-73.96060712,29.20879121,29.23443223,208.6755108,209.4364994,3 Ave & E 72 St
3539,40.8067581,-73.9607082,39.43589744,28.11355311,56.53740189,75.81274336,W 116 St & Amsterdam Ave
3164,40.7770575,-73.97898475,187.8864469,138.040293,666.1808813,800.0664829,Columbus Ave & W 72 St
3134,40.76312584,-73.96526895,52.01831502,52.03663004,94.71298146,94.60404398,3 Ave & E 62 St
472,40.7457121,-73.98194829,165.2454212,164.8681319,441.2116295,441.9905071,E 32 St & Park Ave
3226,40.78275,-73.97137,82.06593407,66.84981685,218.5810755,265.6945363,W 82 St & Central Park West
3536,40.8082,-73.9641,36.61172161,27.50915751,107.1758175,142.2673227,W 116 St & Broadway
3171,40.78524672,-73.97667321,80.63003663,77.12087912,286.7963988,304.6241998,Amsterdam Ave & W 82 St
3656,40.72307749,-73.98583621,105.3699634,106.3809524,544.1763513,546.1550183,E 2 St & Avenue A
3664,40.72019521,-74.01030064,107.4945055,112.2747253,477.619025,460.4715543,North Moore St & Greenwich St
2010,40.72165481,-74.00234737,97.05860806,98.17216117,420.8236072,408.6618573,Grand St & Greene St
276,40.71748752,-74.0104554,60.08424908,60.62271062,181.217955,178.4587217,Duane St & Greenwich St
3427,40.72430527,-73.99600983,166.5970696,168.0695971,844.2972476,834.0546323,Lafayette St & Jersey St
417,40.71291224,-74.01020234,131.2271062,132.0586081,706.351943,700.7241822,Barclay St & Church St
293,40.73020661,-73.99102628,228.007326,230.7912088,1108.241189,1090.978728,Lafayette St & E 8 St
251,40.72317958,-73.99480012,147.9413919,149.4395604,610.4301937,602.192113,Mott St & Prince St
327,40.7153379,-74.01658354,186.5531136,187.3223443,443.1560217,434.6948495,Vesey Pl & River Terrace
386,40.71494807,-74.00234482,72.04029304,72.32967033,360.583459,360.3308068,Centre St & Worth St
312,40.722055,-73.989111,143.0879121,143.5897436,974.5791161,969.3221166,Allen St & Stanton St
483,40.73223272,-73.98889957,154.1172161,155.1391941,981.1745911,970.7582754,E 12 St & 3 Ave
319,40.711066,-74.009447,118.0695971,118.4249084,515.8125622,513.126163,Fulton St & Broadway
285,40.73454567,-73.99074142,260.1978022,260.1208791,1339.201989,1334.56215,Broadway & E 14 St
3632,40.72804857,-73.9788115,116.7216117,115.970696,444.0432973,450.5689194,E 12 St & Avenue B
350,40.71559509,-73.9870295,85.22710623,85.38827839,424.7082166,427.9165862,Clinton St & Grand St
335,40.72903917,-73.99404649,107.6666667,111.5567766,714.6867322,700.0290909,Washington Pl & Broadway
357,40.73261787,-73.99158043,67.27106227,67.12454212,476.9897841,471.2117745,E 11 St & Broadway
346,40.73652889,-74.00618026,106.3333333,107.2600733,627.803342,620.1169743,Bank St & Hudson St
321,40.69991755,-73.98971773,68.83150183,68.40659341,347.2621962,346.9878593,Cadman Plaza E & Red Cross Pl
229,40.72743423,-73.99379025,211.029304,217.5164835,889.993483,871.9190567,Great Jones St
330,40.71450451,-74.00562789,70.25641026,70.37728938,257.0536832,255.6039037,Reade St & Broadway
401,40.72019576,-73.98997825,135.5750916,135,640.8471302,642.2394929,Allen St & Rivington St
168,40.73971301,-73.99456405,199.5604396,206.4981685,462.026066,450.4496587,W 18 St & 6 Ave
152,40.71473993,-74.00910627,12.40659341,12.65567766,290.5984376,286.9716519,Warren St & Church St
415,40.7047177,-74.00926027,68.24542125,68.82051282,483.3040434,474.7526765,Pearl St & Hanover Square
311,40.7172274,-73.98802084,88.27472527,89.06593407,365.9391793,365.3779489,Norfolk St & Broome St
438,40.72779126,-73.98564945,140.6813187,144.9267399,690.0819767,664.848274,St Marks Pl & 1 Ave
307,40.71427487,-73.98990025,142.959707,142.4835165,663.4596049,663.6516498,Canal St & Rutgers St
408,40.71076228,-73.99400398,49.52380952,50.19047619,163.7069283,161.8071381,Market St & Cherry St
308,40.71307916,-73.99851193,64.40659341,64.95238095,286.2170667,283.7548338,St James Pl & Oliver St
403,40.72502876,-73.99069656,142.2271062,144.6666667,1028.282601,1011.330075,E 2 St & 2 Ave
195,40.70905623,-74.01043382,109.4175824,109.5677656,290.385848,288.7552274,Liberty St & Broadway
317,40.72453734,-73.98185424,105.8168498,109.0805861,454.7439863,441.4591729,E 6 St & Avenue B
439,40.7262807,-73.98978041,78.98168498,79.5970696,717.2177897,705.101827,E 4 St & 2 Ave
3467,40.72494672,-74.00165856,95.87545788,101.4798535,395.4754758,377.0077204,W Broadway & Spring Street
79,40.71911552,-74.00666661,76.27106227,77.17582418,381.6853766,371.8898121,Franklin St & W Broadway
3389,40.6830456,-74.00348559,27.62271062,29.02197802,83.39900085,80.35226642,Carroll St & Columbia St
3080,40.70934,-73.95608,28.87545788,28.56410256,129.6824908,131.7004756,S 4 St & Rodney St
296,40.71413089,-73.9970468,93.4981685,95.87179487,310.9345297,306.8070313,Division St & Bowery
3474,40.7252557,-74.00412083,107.5054945,109.8205128,360.7946294,350.1797275,6 Ave & Spring St
532,40.710451,-73.960876,108.4395604,99.16849817,339.7564722,370.1835004,S 5 Pl & S 5 St
376,40.70862144,-74.00722156,63.17216117,63.4981685,577.8470321,574.807456,John St & William St
128,40.72710258,-74.00297088,171.4358974,175.4761905,355.4481543,347.8950527,MacDougal St & Prince St
151,40.72210379,-73.99724901,202.6666667,203.3736264,378.8283042,378.0114371,Cleveland Pl & Spring St
534,40.70255065,-74.0127234,58.71428571,59.17948718,210.3618339,208.5550382,Water - Whitehall Plaza
3258,40.75018156,-74.00218427,146.4395604,147.4505495,561.0922884,550.3402698,W 27 St & 10 Ave
150,40.7208736,-73.98085795,79.996337,89.77289377,442.4922906,415.1333904,E 2 St & Avenue C
252,40.73226398,-73.99852205,97.06227106,98.29304029,560.0239398,552.0376222,MacDougal St & Washington Sq
351,40.70530954,-74.00612572,73.64468864,75.05128205,506.5644049,500.1632905,Front St & Maiden Ln
3411,40.6849668,-73.98620772,36.37362637,36.76556777,177.2864097,174.9979293,Bond St & Bergen St
306,40.70823502,-74.00530063,54.78754579,54.93040293,440.7879461,437.7712809,Cliff St & Fulton St_1
3298,40.686371,-73.99383324,33.96703297,34.47985348,253.3491807,246.8722944,Warren St & Court St
433,40.72955361,-73.98057249,148.3626374,138.1868132,404.0540261,425.7060774,E 13 St & Avenue A
412,40.7158155,-73.99422366,119.96337,120.989011,665.3053641,661.2414062,Forsyth St & Canal St
432,40.72621788,-73.98379855,178.4871795,165.043956,592.8247602,613.4017457,E 7 St & Avenue A
502,40.714215,-73.981346,89.34432234,89.82783883,338.0892124,337.3290844,Henry St & Grand St
3076,40.70870368,-73.9448625,33.44688645,33.66666667,108.7069693,107.7178212,Scholes St & Manhattan Ave
3077,40.70877084,-73.95095259,36.64835165,36.31501832,96.93124029,97.55010445,Stagg St & Union Ave
265,40.72229346,-73.99147535,130.96337,133.1575092,478.1155436,472.7657493,Stanton St & Chrystie St
3100,40.72481256,-73.94752622,37.55677656,37.90842491,141.8839939,141.3707554,Nassau Ave & Newell St
315,40.70355377,-74.00670227,139.8754579,141.8241758,345.7404937,340.9776724,South St & Gouverneur Ln
2003,40.73381219,-73.98054421,132.7728938,132.7728938,407.395531,410.9253554,1 Ave & E 18 St
310,40.68926942,-73.98912867,49.22710623,50.76556777,306.6225396,303.8653172,State St & Smith St
254,40.73532427,-73.99800419,90.91575092,91.26373626,448.3914561,443.6072198,W 11 St & 6 Ave
481,40.71260486,-73.96264403,63.51648352,57.81318681,290.3874704,296.7021421,S 3 St & Bedford Ave
320,40.717571,-74.005549,67.58974359,67.99267399,306.6559283,303.7031548,Leonard St & Church St
461,40.73587678,-73.98205027,135.2014652,135.2600733,499.113358,496.8750012,E 20 St & 2 Ave
295,40.71406667,-73.99293911,73.58608059,73.83882784,418.8386606,417.2263587,Pike St & E Broadway
410,40.72066442,-73.98517977,130.6446886,131.3296703,373.2087489,369.3344017,Suffolk St & Stanton St
531,40.71893904,-73.99266288,138.4652015,137.992674,751.2602826,750.8343959,Forsyth St & Broome St
279,40.707873,-74.00167,95.42490842,97.52380952,181.1214926,178.3440276,Peck Slip & Front St
3260,40.72706363,-73.99662137,155.2307692,158.6996337,387.4612906,378.8966711,Mercer St & Bleecker St
356,40.71622644,-73.98261206,57.63003663,40.18681319,186.5031131,238.0968556,Bialystoker Pl & Delancey St
325,40.73624527,-73.98473765,99.20512821,98.97435897,336.7576265,337.0442409,E 19 St & 3 Ave
264,40.70706456,-74.00731853,63.01831502,64.40659341,445.3889701,438.677742,Maiden Ln & Pearl St
260,40.70365182,-74.01167797,33.9010989,34.35164835,128.4547165,126.5378687,Broad St & Bridge St
3106,40.72325,-73.94308,39.98901099,39.60805861,96.5995864,97.32339636,Driggs Ave & N Henry St
82,40.71117416,-74.00016545,29.07692308,29.79120879,229.4456397,226.2553627,St James Pl & Pearl St
280,40.73331967,-73.99510132,68.32967033,69.13919414,517.2108118,510.1116517,E 10 St & 5 Ave
407,40.700469,-73.991454,30.46153846,28.52747253,219.102389,221.7053058,Henry St & Poplar St
331,40.71173107,-73.99193043,50.24908425,50.6007326,220.8439131,220.3672341,Pike St & Monroe St
3440,40.69241829,-73.98949474,79.23076923,78.6996337,478.0427566,477.7374016,Fulton St & Adams St
3282,40.78307,-73.95939,135.1428571,136.1465201,198.2700971,197.5232041,5 Ave & E 88 St
3321,40.6831164,-73.99785267,30.45421245,30.1978022,183.8915738,184.0936772,Clinton St & Union St
539,40.71534825,-73.96024116,119.6227106,124.2820513,534.9000828,521.4824803,Metropolitan Ave & Bedford Ave
322,40.696192,-73.991218,41.71794872,40.31868132,257.1326355,263.1660608,Clinton St & Tillary St
427,40.701907,-74.013942,72.97802198,74.27472527,92.47698233,91.13002032,Bus Slip & State St
3110,40.72708584,-73.95299117,56.52380952,56.74725275,167.8354303,166.5688504,Meserole Ave & Manhattan Ave
242,40.697787,-73.973736,32.46153846,35.47619048,169.9455125,157.2042174,Carlton Ave & Flushing Ave
497,40.73704984,-73.99009296,302.1868132,313.7802198,908.035638,880.190269,E 17 St & Broadway
361,40.71605866,-73.99190759,123.985348,124.8131868,214.8248442,213.7703496,Allen St & Hester St
3329,40.6829151,-73.99318208,32.3040293,32.82051282,180.5128204,177.1922262,Degraw St & Smith St
326,40.72953837,-73.98426726,128.8754579,130.0842491,776.5696864,764.7252463,E 11 St & 1 Ave
3412,40.6853761,-73.98302136,28.12820513,28.13186813,194.0856626,185.5767678,Pacific St & Nevins St
339,40.72580614,-73.97422494,39.99267399,30.37728938,166.9142574,199.4605108,Avenue D & E 12 St
3043,40.6814598,-73.934903,9.761904762,9.765567766,24.68486799,24.58062672,Lewis Ave & Decatur St
316,40.70955958,-74.00653609,61.68498168,61.71062271,460.3828717,460.0811973,Fulton St & William St
460,40.71285887,-73.96590294,108.5164835,108.7728938,270.9542403,274.7045223,S 4 St & Wythe Ave
340,40.71269042,-73.98776323,56.5970696,56.86446886,142.020958,141.2766891,Madison St & Clinton St
473,40.72110063,-73.9919254,76.62637363,78.21611722,241.9502175,238.758699,Rivington St & Chrystie St
3311,40.68763155,-74.0016256,29.23443223,30.40659341,103.1361928,99.03979834,Columbia St & Kane St
3409,40.6867443,-73.99063168,97.05860806,102.3333333,322.0346557,310.0169838,Bergen St & Smith St
445,40.72740794,-73.98142006,166.8095238,194.4652015,363.6725143,334.8329167,E 10 St & Avenue A
337,40.7037992,-74.00838676,52.16849817,53.38095238,185.4513762,182.775013,Old Slip & Front St
291,40.713126,-73.984844,46.75824176,46.84615385,221.9597,229.5164762,Madison St & Montgomery St
314,40.69383,-73.990539,55.97802198,50.67032967,277.9173688,289.1088955,Cadman Plaza West & Montague St
342,40.71739973,-73.98016555,54.58974359,53.61538462,301.4421574,297.3268609,Columbia St & Rivington St
237,40.73047309,-73.98672378,150.3223443,151.6483516,353.2596406,350.5183575,E 11 St & 2 Ave
341,40.71782143,-73.97628939,44.85714286,45.16117216,119.316996,119.0973334,Stanton St & Mangin St
332,40.71219906,-73.97948148,51.48717949,51.26373626,51.26373626,51.48717949,Cherry St
400,40.71926081,-73.98178024,26.61904762,26.45787546,268.1692236,273.9183937,Pitt St & Stanton St
391,40.69760127,-73.99344559,80.66666667,61.84249084,187.2960996,213.6100995,Clark St & Henry St
3078,40.70924826,-73.96063149,46.29304029,43.9047619,93.01038365,101.2302317,Broadway & Roebling St
232,40.69597683,-73.99014892,42.31135531,41.13553114,207.7423024,217.5498836,Cadman Plaza E & Tillary St
501,40.744219,-73.97121214,126.3260073,127.5934066,226.6110728,225.2910417,FDR Drive & E 35 St
3455,40.68680821,-73.98036182,13.17216117,13.67032967,327.5248229,295.356971,Schermerhorn St & 3 Ave
334,40.74238787,-73.99726235,120.4652015,121.003663,875.0477579,865.0514832,W 20 St & 7 Ave
174,40.7381765,-73.97738662,101.4652015,101.4285714,374.8215444,374.8922375,E 25 St & 1 Ave
3300,40.66514682,-73.97637606,34.22344322,33.33699634,50.40798083,53.94479449,Prospect Park West & 8 St
3414,40.68094472,-73.97567332,39.13186813,39.21245421,210.1728244,209.3283304,Bergen St & Flatbush Ave
3581,40.6740123,-73.9671457,30.36996337,29.04029304,125.0786036,135.425166,Underhill Ave & Lincoln Pl
3413,40.6827549,-73.98258555,26.43589744,26.89010989,127.9674347,124.782586,Wyckoff St & 3 Ave
3242,40.69102926,-73.99183363,42.42857143,41.95238095,246.3813697,249.3834701,Schermerhorn St & Court St
262,40.6917823,-73.9737299,35.29304029,29.68864469,117.9036642,137.9010616,Washington Park
3558,40.6794388,-73.9680438,36.74725275,36.23809524,132.1367958,134.4132653,Bergen St & Vanderbilt Ave
270,40.69308257,-73.97178913,51.76556777,51.12820513,184.0869064,187.9695342,Adelphi St & Myrtle Ave
3046,40.682601,-73.938037,14.63003663,14.82783883,48.36852269,48.01878797,Marcus Garvey Blvd & Macon St
3317,40.6686273,-73.98700053,18.17582418,18.23809524,130.2052893,129.4853761,10 St & 5 Ave
3371,40.67461342,-73.98501143,17.05128205,18.37362637,108.1776009,100.9611793,4 Ave & 2 St
244,40.69196035,-73.96536851,44.3956044,40.45421245,129.6291349,145.3752875,Willoughby Ave & Hall St
3050,40.6851532,-73.94111,18.93406593,18.73260073,44.35844166,44.69723322,Putnam Ave & Throop Ave
3417,40.6795766,-73.97854971,40.46520147,41.97069597,191.3242088,187.1114831,Baltic St & 5 Ave
120,40.68676793,-73.95928168,29.85714286,27.53846154,91.35533454,98.41422556,Lexington Ave & Classon Ave
3637,40.68323865,-73.96599591,39.86080586,39.75824176,117.876867,124.2922935,Fulton St & Waverly Ave
365,40.68223166,-73.9614583,31.98168498,28.85347985,84.81059816,92.50462269,Fulton St & Grand Ave
3549,40.678045,-73.962408,25.91575092,25.25641026,93.63812709,96.75399146,Grand Ave & Bergen St
3397,40.6763947,-73.99869893,23.84615385,24.47985348,100.2077976,98.08363738,Court St & Nelson St
3364,40.6751622,-73.9814832,34.81318681,35.97802198,185.3872921,179.0777442,Carroll St & 5 Ave
3398,40.6746957,-73.99785768,31.68498168,32.35897436,80.49986157,78.91935491,Smith St & 9 St
3419,40.6792788,-73.98154004,32.51282051,34.76923077,183.7784031,175.0854067,Douglass St & 4 Ave
3365,40.6703837,-73.97839676,38.67765568,37.32600733,115.7889807,119.6918249,3 St & 7 Ave
390,40.69221589,-73.9842844,47.06227106,46.85347985,319.5876095,307.1527926,Duffield St & Willoughby St
3537,40.6809741,-73.9710097,26.17948718,26.00732601,81.44834694,84.25883618,Carlton Ave & Dean St
3049,40.68488,-73.96304,21.42490842,21.48351648,121.9015538,135.7170253,Cambridge Pl & Gates Ave
274,40.68691865,-73.976682,52.09157509,54.58241758,371.3466053,359.799717,Lafayette Ave & Fort Greene Pl
3349,40.6729679,-73.97087984,64.16483516,56.94871795,149.1148323,165.1754898,Grand Army Plaza & Plaza St West
3054,40.6894932,-73.942061,15.74358974,15.6043956,37.39251008,37.76318339,Greene Ave & Throop Ave
3339,40.6765304,-73.97846879,25.82051282,26.38461538,174.0670048,169.3398357,Berkeley Pl & 6 Ave
3407,40.679098,-73.98765475,32.5970696,34.76923077,114.8618859,107.8502922,Union St & Nevins St
3306,40.6662078,-73.98199886,27.57509158,25.42857143,102.4287174,109.9308044,10 St & 7 Ave
397,40.68415748,-73.96922273,22.1978022,18.49084249,89.18382796,98.04144565,Fulton St & Clermont Ave
420,40.68764484,-73.96968902,29.9010989,24.29304029,91.58503919,111.7883228,Clermont Ave & Lafayette Ave
3544,40.6804836,-73.9646795,24.6043956,24.06227106,126.0055654,129.41379,Underhill Ave & Pacific St
3404,40.6704922,-73.98541675,23.7032967,23.996337,117.5828595,114.4135539,7 St & 5 Ave
354,40.69363137,-73.96223558,40.62271062,40.35164835,69.23758744,71.91046408,Emerson Pl & Myrtle Ave
3486,40.68841743,-73.98451656,58.45054945,59.28205128,267.8177143,250.8312609,Schermerhorn St & Bond St
3232,40.68962189,-73.98304269,59.59340659,69.15750916,261.0994846,227.7189114,Bond St & Fulton St
396,40.68034242,-73.95576894,23.71794872,20.55677656,74.38680898,84.29150997,Lefferts Pl & Franklin Ave
3576,40.6767,-73.969024,40.41025641,38.49450549,138.3524804,145.8346848,Park Pl & Vanderbilt Ave
364,40.68900443,-73.96023854,43.93040293,41.45421245,58.11084913,64.36154069,Lafayette Ave & Classon Ave
144,40.69839895,-73.98068914,24.31868132,27.46886447,83.51714933,75.35551863,Nassau St & Navy St
436,40.68216564,-73.95399026,20.13919414,17.49084249,51.85817988,58.05922709,Hancock St & Bedford Ave
353,40.68539567,-73.97431458,31.96336996,31.31868132,170.3480131,172.5920645,S Portland Ave & Hanson Pl
3044,40.6800105,-73.938475,6.402930403,6.296703297,23.28494573,23.35297434,Albany Ave & Fulton St
258,40.68940747,-73.96885458,52.93772894,41.6959707,111.2904492,130.0579961,DeKalb Ave & Vanderbilt Ave
3373,40.6750705,-73.98775226,37.3992674,40.76923077,81.7090613,76.25112158,3 St & 3 Ave
3418,40.6750207,-73.97111473,54.79120879,44.87545788,93.41785857,104.027915,Plaza St West & Flatbush Ave
421,40.69573398,-73.97129668,20.1025641,18.25641026,163.6557252,168.4005863,Clermont Ave & Park Ave
399,40.68851534,-73.9647628,44.38827839,29.38095238,111.0816987,147.2533043,Lafayette Ave & St James Pl
3405,40.6704836,-73.98208968,18.63369963,18.45421245,124.327326,125.9601432,5 St & 6 Ave
282,40.70764494,-73.96841526,48.53113553,48.80952381,70.57642177,71.77118124,Kent Ave & S 11 St
3384,40.6787242,-73.99599099,30.71794872,30.62271062,137.1948642,137.0731484,Smith St & 3 St
3582,40.6721683,-73.9609,11.12454212,9.824175824,63.10192335,67.51692677,Lincoln Pl & Classon Ave
3571,40.676368,-73.952918,24.04029304,23.83882784,80.11226942,81.17413458,Bedford Ave & Bergen St
3368,40.6728155,-73.98352355,42.75457875,43.94139194,90.16217104,87.09937689,5 Ave & 3 St
3401,40.6724811,-73.99331394,12.03663004,12.56043956,35.21982434,33.21759533,2 Ave & 9 St
3415,40.6793307,-73.97519523,29.89377289,30.0952381,122.1946044,120.2130961,Prospect Pl & 6 Ave
3420,40.6802133,-73.98432695,38.05494505,40.24542125,109.7413249,103.1369844,Douglass St & 3 Ave
3562,40.6765198,-73.9596082,29.34432234,28.76190476,110.4252778,112.8763513,Classon Ave & St Marks Ave
3546,40.6791944,-73.9587903,9.029304029,8.553113553,63.4961525,67.86266992,Pacific St & Classon Ave
3346,40.67514684,-73.97523209,50.43223443,50.50915751,174.5727022,178.70084,Berkeley Pl & 7 Ave
344,40.6851443,-73.95380904,31.66300366,29.6996337,37.67432622,39.77990242,Monroe St & Bedford Ave
3580,40.6737236,-73.9631611,25.02930403,23.84981685,75.96058446,79.25308023,St Johns Pl & Washington Ave
3361,40.6740886,-73.9787282,33.6007326,33.61904762,88.29907873,89.05758612,Carroll St & 6 Ave
416,40.68753406,-73.97265183,42.20879121,37.51282051,104.7704695,115.1358412,Cumberland St & Lafayette Ave
289,40.6845683,-73.95881081,24.33333333,17.80586081,46.97526087,55.73291799,Monroe St & Classon Ave
83,40.68382604,-73.97632328,45.6996337,48.57142857,201.6001267,190.7367069,Atlantic Ave & Fort Greene Pl
275,40.68650065,-73.96563307,29.87179487,25.97435897,93.11557618,102.218568,Washington Ave & Greene Ave
3421,40.6843549,-73.98901629,13.47252747,13.95970696,53.31938261,51.61233146,Hoyt St & Warren St
372,40.69454609,-73.95801365,19.49084249,19.31135531,39.67796458,39.90793549,Franklin Ave & Myrtle Ave
261,40.69474881,-73.98362464,39.34065934,39.60805861,174.4553987,176.3846563,Johnson St & Gold St
3478,40.65708867,-74.00870204,22.76923077,26.21245421,78.63736263,68.30769231,2 Ave & 36 St - Citi Bike HQ at Industry City
3249,40.68035608,-73.9476791,19.94871795,19.96336996,50.57828836,50.54728125,Verona Pl & Fulton St
366,40.693261,-73.968896,62.40659341,62.7032967,147.2226011,153.052594,Clinton Ave & Myrtle Ave
217,40.70277159,-73.99383605,93.56410256,112.3919414,263.3457754,225.5123652,Old Fulton St
419,40.69580705,-73.97355569,21.83150183,21.22344322,108.8030109,108.5145928,Carlton Ave & Park Ave
414,40.70281858,-73.98765762,55.08058608,62.43956044,295.9577717,267.1482881,Pearl St & Anchorage Pl
3382,40.680611,-73.99475825,53.0952381,54.04029304,101.1412613,99.75915433,Carroll St & Smith St
3423,40.66106337,-73.97945255,75.86446886,76.21978022,76.21978022,75.86446886,West Drive & Prospect Park West
3047,40.6823687,-73.944118,20.29304029,20.38095238,45.60444443,45.75204793,Halsey St & Tompkins Ave
324,40.689888,-73.981013,59.35531136,91.96703297,350.6878267,251.7381615,DeKalb Ave & Hudson Ave
239,40.69196566,-73.9813018,75.27472527,68.44688645,113.3676265,117.442392,Willoughby St & Fleet St
3319,40.666287,-73.98895053,28.83150183,29.04761905,93.62275005,92.65925422,14 St & 5 Ave
243,40.688226,-73.979382,32.68864469,43.43223443,214.2297764,190.8524015,Fulton St & Rockwell Pl
3352,40.67267243,-74.00879525,9.124542125,10.68131868,42.57900175,36.36470136,Sigourney St & Columbia St
3601,40.6627059,-73.9569115,7.344322344,7.93040293,45.48571272,42.90189722,Sterling St & Bedford Ave
3354,40.668132,-73.97363831,50.79487179,43.65567766,73.69204773,82.58817178,3 St & Prospect Park West
3358,40.6711978,-73.97484126,27.56776557,25.54578755,113.8951399,123.4239646,Garfield Pl & 8 Ave
409,40.6906495,-73.95643107,25.47252747,24.34432234,53.86920738,55.29743512,DeKalb Ave & Skillman St
119,40.69608941,-73.97803415,8.956043956,10.51282051,50.30280066,44.47594158,Park Ave & St Edwards St
245,40.69327018,-73.97703874,21.2014652,18.23443223,67.10952151,75.55975338,Myrtle Ave & St Edwards St
3377,40.6786115,-73.99037292,29.22710623,29.65201465,70.54247012,68.74658757,Carroll St & Bond St
430,40.7014851,-73.98656928,11.06593407,11.60805861,161.2686385,153.1801857,York St & Jay St
3066,40.69957608,-73.94708417,14.47252747,14.85714286,36.07811256,34.59993272,Tompkins Ave & Hopkins St
313,40.69610226,-73.96751037,38.0952381,40.16849817,162.1731216,157.0553739,Washington Ave & Park Ave
3303,40.6849894,-73.99440329,25.08791209,25.41758242,144.9577071,142.0739189,Butler St & Court St
3569,40.6758324,-73.9561677,24.36630037,24.07326007,122.5816531,124.7023232,Franklin Ave & St Marks Ave
3429,40.68506807,-73.9779076,110.7326007,111,394.5406267,386.9274976,Hanson Pl & Ashland Pl
3402,40.6902375,-73.99203074,73.04029304,73.79120879,361.4321388,357.942334,Court St & State St
3041,40.67890679,-73.94142771,16.38461538,16.43223443,25.73960673,25.75424567,Kingston Ave & Herkimer St
323,40.69236178,-73.98631746,64.61904762,64.08424908,267.5528066,266.7357907,Lawrence St & Willoughby St
3574,40.6769694,-73.96579,22.83516484,22.22710623,131.8063926,136.17767,Prospect Pl & Underhill Ave
3315,40.6847514,-73.99917254,46.26739927,46.77289377,176.9233791,173.7568286,Henry St & Degraw St
3075,40.70708701,-73.95796783,9.406593407,8.710622711,64.01533674,68.30389224,Division Ave & Marcy Ave
3661,40.66643931,-73.96055639,5.230769231,5.344322344,43.39589851,41.59050869,Montgomery St & Franklin Ave
3304,40.668127,-73.98377641,32.03296703,31.34065934,95.98129547,98.24229655,6 Ave & 9 St
3453,40.71335226,-73.94910336,28.54212454,28.46153846,129.4216601,130.3145566,Devoe St & Lorimer St
3335,40.6772744,-73.98282002,33.80952381,37.63003663,95.61787602,88.90753524,Union St & 4 Ave
3093,40.71745169,-73.95850939,108.1208791,113.1501832,510.5427701,487.6024712,N 6 St & Bedford Ave
3584,40.6707767,-73.9576801,35.27106227,34.71794872,98.70644141,100.8093996,Eastern Pkwy & Franklin Ave
3085,40.71469,-73.95739,31.87545788,32.34432234,143.8564489,140.8144431,Roebling St & N 4 St
3083,40.71247661,-73.94100005,33.52747253,33.18681319,71.55542632,71.89188256,Bushwick Ave & Powers St
343,40.69794,-73.96986848,24.66666667,28.85714286,86.32978699,76.73288144,Clinton Ave & Flushing Ave
467,40.68312489,-73.97895137,69.62271062,68.80586081,161.5313534,159.8457361,Dean St & 4 Ave
3663,40.67716489,-73.97382796,35.5018315,35.07326007,85.81216842,92.72736744,Sterling Pl & 7 Ave
3410,40.6864442,-73.98759104,27.8974359,28.5018315,184.3921407,177.9645677,Dean St & Hoyt St
406,40.69512845,-73.99595065,60.23076923,55.98534799,163.1455485,178.462618,Hicks St & Montague St
157,40.69089272,-73.99612349,54.64468864,55.93772894,245.0001636,241.0059488,Henry St & Atlantic Ave
418,40.70224,-73.982578,35.64468864,39.29304029,77.26030788,71.04894778,Front St & Gold St
3322,40.668603,-73.9904394,13.46886447,14.57142857,63.22507304,59.51149451,12 St & 4 Ave
3241,40.686203,-73.944694,20.30769231,19.88644689,42.71803653,43.24261349,Monroe St & Tompkins Ave
3604,40.6630619,-73.9538746,11.80586081,12.38095238,21.51200733,20.23372415,Rogers Ave & Sterling St
2002,40.716887,-73.963198,95.57142857,99.72893773,285.5880989,274.7338622,Wythe Ave & Metropolitan Ave
373,40.69331716,-73.95381995,14.56410256,16.07326007,59.78219557,57.55084067,Willoughby Ave & Walworth St
3297,40.6686627,-73.97988067,21.4029304,19.89377289,54.10363663,57.54393686,6 St & 7 Ave
3048,40.68402,-73.94977,13.60805861,13.50915751,65.81245448,69.14976036,Putnam Ave & Nostrand Ave
241,40.68981035,-73.97493121,40.96703297,38.54212454,130.0960024,134.2659079,DeKalb Ave & S Portland Ave
392,40.695065,-73.987167,63.03296703,65.87912088,239.9704393,241.8840584,Jay St & Tech Pl
3579,40.672695,-73.954131,19.38827839,19.26739927,77.67378771,78.35968547,Sterling Pl & Bedford Ave
3332,40.68199044,-73.99079025,21.02197802,21.35164835,81.23149863,79.11041631,Degraw St & Hoyt St
3648,40.69795032,-73.9707756,35.04029304,39.37728938,77.67917426,72.66824357,Flushing Ave & Vanderbilt Ave
3308,40.6861758,-73.99645295,34.33333333,34.71794872,141.9716687,140.7297456,Kane St & Clinton St
3121,40.74524768,-73.94733276,16.06959707,16.14652015,76.4596802,75.9391975,Jackson Ave & 46 Rd
3058,40.69237074,-73.93705428,16.6007326,16.15750916,31.76696435,32.24966197,Lewis Ave & Kosciuszko St
2000,40.70255088,-73.98940236,83.92307692,91.58608059,215.1892171,195.6348841,Front St & Washington St
3386,40.6809591,-73.99905709,25.76923077,25.49084249,133.2889747,133.4664817,1 Pl & Clinton St
2001,40.699773,-73.979927,8.73992674,10.15750916,35.61622646,31.65265881,Sands St & Navy St
3016,40.72036775,-73.96165073,119.0805861,127.967033,266.8661549,254.3259027,Kent Ave & N 7 St
3088,40.7160751,-73.952029,19.71428571,19.83516484,136.2062836,135.5361706,Union Ave & Jackson St
278,40.69766564,-73.98476437,21.63736264,21.42124542,125.1809334,121.5561373,Concord St & Bridge St
3115,40.73232194,-73.9550858,41.56410256,42.5970696,167.1910373,162.3549377,India St & Manhattan Ave
2005,40.70531194,-73.97100056,3.78021978,4.377289377,35.16266906,34.39001305,Railroad Ave & Kay Ave
437,40.68098339,-73.95004798,42.84249084,40.12820513,56.6502813,60.30429982,Macon St & Nostrand Ave
3599,40.66314,-73.9605695,30.55677656,32.23809524,42.91168631,40.52292826,Franklin Ave & Empire Blvd
3578,40.6741806,-73.9564947,16.96336996,16.60805861,67.97833267,69.1370735,Park Pl & Franklin Ave
3056,40.69072549,-73.95133465,15.6043956,15.21611722,48.71770647,48.97260411,Kosciuszko St & Nostrand Ave
3057,40.69128258,-73.9452416,19.33699634,19.23809524,58.40257476,58.5245225,Kosciuszko St & Tompkins Ave
3060,40.69425403,-73.94626915,14.52014652,14.71794872,49.51734601,49.38538167,Willoughby Ave & Tompkins Ave
3062,40.69539817,-73.94954908,17.30769231,17.74358974,49.15488537,47.90838037,Myrtle Ave & Marcy Ave
143,40.69239502,-73.99337909,63.72893773,63.67032967,227.085611,232.8578024,Clinton St & Joralemon St
3067,40.7016657,-73.9437303,19.98901099,21.71428571,58.36357067,55.09067806,Broadway & Whipple St
3055,40.6883337,-73.950916,16.73626374,16.27838828,33.74939496,35.08455751,Greene Ave & Nostrand Ave
3107,40.72311651,-73.95212324,77.91575092,78.23443223,322.9943217,321.9792675,Bedford Ave & Nassau Ave
389,40.71044554,-73.96525063,62.27838828,58.76556777,197.2762799,210.4132295,Broadway & Berry St
3053,40.6900815,-73.947915,12.4029304,11.81684982,34.52070267,35.60600023,Marcy Ave & Lafayette Ave
3463,40.73536706,-73.98797393,104.3369963,104.6190476,390.1596191,386.8441409,E 16 St & Irving Pl
3177,40.7867947,-73.977112,70.06593407,57.28571429,183.2315785,212.3000077,W 84 St & Broadway
3447,40.76703432,-73.9562273,26.12087912,26.21245421,69.70843521,69.41430879,E 71 St & 1 Ave
466,40.74395411,-73.99144871,152.7399267,154.047619,700.7566831,694.4887481,W 25 St & 6 Ave
474,40.7451677,-73.98683077,129.4615385,129.2783883,636.1579499,637.0018046,5 Ave & E 29 St
545,40.736502,-73.97809472,146.6227106,147.2417582,497.5648512,502.6378297,E 23 St & 1 Ave
2012,40.739445,-73.976806,95.21978022,93.89377289,309.6272534,310.8561455,E 27 St & 1 Ave
476,40.74394314,-73.97966069,122.0915751,121.7216117,451.4561408,451.8818896,E 31 St & 3 Ave
516,40.75206862,-73.96784384,49.65567766,50.16483516,221.0589083,219.7376304,E 47 St & 1 Ave
455,40.75001986,-73.96905301,83.08791209,83.47619048,162.5468999,162.1769296,1 Ave & E 44 St
3378,40.773763,-73.96222088,37.13186813,37.24908425,191.328377,193.1058457,E 76 St & Park Ave
266,40.72368361,-73.97574813,50.8021978,45.00732601,186.9379892,203.5366214,Avenue D & E 8 St
3147,40.77801203,-73.95407149,105.2967033,105.5787546,331.2101652,331.286735,E 85 St & 3 Ave
3243,40.75892386,-73.96226227,69.41025641,69.53113553,110.479724,110.2754342,E 58 St & 1 Ave
349,40.71850211,-73.98329859,57.49084249,56.82051282,248.3186213,237.194737,Rivington St & Ridge St
3660,40.74102151,-74.00138497,158.7948718,159.6373626,678.6524625,670.011758,W 16 St & 8 Ave
3583,40.6716493,-73.9631145,25.58974359,23.50549451,33.79070529,36.10999293,Eastern Pkwy & Washington Ave
3438,40.77224854,-73.95842135,35.41758242,35.52380952,227.3127062,226.916506,E 76 St & 3 Ave
3289,40.79017948,-73.97288918,39.10989011,35.66300366,207.3970991,230.7856921,W 90 St & Amsterdam Ave
528,40.74290902,-73.97706058,129.4285714,128.8315018,394.1623507,396.2334313,2 Ave & E 31 St
3063,40.69527008,-73.95238108,10.78021978,10.91208791,13.02094975,12.94289466,Nostrand Ave & Myrtle Ave
411,40.72228087,-73.97668709,55.83882784,55.6043956,212.0455843,215.9812377,E 6 St & Avenue D
3156,40.76663814,-73.95348296,83.70695971,83.96336996,109.0223692,108.5264389,E 72 St & York Ave
3101,40.72079821,-73.95484712,47.51648352,47.02197802,276.8102578,274.6081117,N 12 St & Bedford Ave
3081,40.711863,-73.944024,28.82783883,28.9010989,141.0254554,141.3599627,Graham Ave & Grand St
471,40.71286844,-73.95698119,50.28205128,50.50915751,147.6535219,146.8343499,Grand St & Havemeyer St
3613,40.745038,-73.957539,23.83882784,23.99267399,118.7301121,117.978445,Center Blvd & 48 Ave
3552,40.805973,-73.964928,35.17948718,28.05494505,76.95548745,96.65255685,W 113 St & Broadway
3347,40.6773429,-74.01275056,17.84981685,20.73992674,121.1106063,103.9316516,Van Brunt St & Wolcott St
3348,40.677236,-74.015665,14.94505495,16.01098901,50.47794522,47.01236673,Coffey St & Conover St
3388,40.6828003,-73.99990419,27.15750916,27.23809524,65.93655286,64.28822016,President St & Henry St
3408,40.6881529,-73.99520919,41.49450549,42.06227106,124.8975,123.2531013,Congress St & Clinton St
216,40.70037867,-73.99548059,23.44688645,19.42857143,89.38277176,110.3376363,Columbia Heights & Cranberry St
3180,40.69878,-73.99712,39.13919414,39.75824176,92.96791553,102.6848835,Brooklyn Bridge Park - Pier 2
3393,40.6794327,-74.00785041,9.703296703,10.26739927,59.56907382,55.13709122,Richards St & Delavan St
398,40.69165183,-73.9999786,68.13186813,74.09157509,104.2004058,97.43517276,Atlantic Ave & Furman St
3381,40.6777287,-73.99364123,17.75824176,18.25641026,80.88645107,79.35618461,3 St & Hoyt St
3422,40.6859296,-74.00242364,32.07692308,33.90842491,97.0598749,93.76211296,Columbia St & Degraw St
3396,40.6783563,-74.00014502,28.8974359,29.1025641,56.59920906,55.98509908,Clinton St & 4 Place
3112,40.72906,-73.95779,83.93406593,87.53113553,188.7722623,182.5301778,Milton St & Franklin St
3644,40.67581623,-74.01488185,6.626373626,7.549450549,23.0872489,19.91026723,Van Dyke St & Van Brunt St
3399,40.67260298,-73.98983002,16.90842491,17.78021978,82.78079603,77.78675968,7 St & 3 Ave
3330,40.6725058,-74.00494695,7.666666667,8.10989011,22.50688653,19.85534341,Henry St & Bay St
3392,40.6812117,-74.00860912,10.64468864,12.31501832,35.88808546,31.32146257,Commerce St & Van Brunt St
3344,40.679043,-74.011169,21.65201465,24.31501832,72.50623437,64.74801181,Pioneer St & Van Brunt St
3327,40.7877214,-73.94728331,10,10.01098901,113.8291168,112.5341522,3 Ave & E 100 St
3337,40.67363551,-74.01195556,7.263736264,9.054945055,54.01696926,45.77686071,Dwight St & Van Dyke St
3340,40.6753274,-74.0100698,7.402930403,8.490842491,57.41156426,50.2192805,Wolcott St & Dwight St
3074,40.70767788,-73.94016171,20.85714286,21.09157509,33.96370701,33.40717598,Montrose Ave & Bushwick Ave
3073,40.70691254,-73.95441667,11.79120879,11.47985348,33.17684934,34.00799788,Division Ave & Hooper St
3179,40.698617,-73.941342,10.68131868,10.84981685,42.26488547,41.18123949,Park Ave & Marcus Garvey Blvd
3342,40.6777748,-74.0094613,8.677655678,10.27106227,39.52593971,33.21966495,Pioneer St & Richards St
3172,40.7785669,-73.97754961,50.04761905,47.13186813,314.3776296,331.3044699,W 74 St & Columbus Ave
3394,40.6769993,-74.00647134,4.417582418,5.249084249,29.46245322,25.56192118,Columbia St & W 9 St
3313,40.6663181,-73.9854617,18.82783883,18.02930403,77.72925541,80.47437452,6 Ave & 12 St
3108,40.72557,-73.94434,46.48351648,46.45054945,73.78668461,73.56607459,Nassau Ave & Russell St
3082,40.71167351,-73.95141312,43.86080586,43.73260073,95.62258512,95.86603913,Hope St & Union Ave
3103,40.72153267,-73.95782357,11.87912088,12.05128205,208.616581,202.3359252,N 11 St & Wythe Ave
3125,40.74708586,-73.94977234,29.996337,30.25641026,74.2927791,73.67744793,45 Rd & 11 St
3351,40.7869946,-73.94164802,47.08424908,47.6959707,88.48241962,87.01687179,E 102 St & 1 Ave
3328,40.795,-73.9645,42.68498168,40.0989011,178.1961243,194.8624086,W 100 St & Manhattan Ave
3132,40.76350532,-73.97109243,68.72893773,68.14285714,263.3819546,264.3696637,E 59 St & Madison Ave
3165,40.77579377,-73.97620574,164.7399267,156.7838828,351.3430724,408.2255319,Central Park West & W 72 St
3293,40.7921,-73.9739,51.47619048,50.26373626,116.0758582,121.3922627,W 92 St & Broadway
454,40.75455731,-73.96592976,59.7985348,60.01831502,159.8627371,159.2574427,E 51 St & 1 Ave
3042,40.6794268,-73.9298911,18.14652015,18.15750916,18.15750916,18.14652015,Fulton St & Utica Ave
3096,40.71924,-73.95242,47.83882784,47.98534799,181.9109892,180.8448472,Union Ave & N 12 St
3064,40.69681963,-73.93756926,41.03296703,41.21978022,50.56850347,50.44454369,Myrtle Ave & Lewis Ave
3086,40.715143,-73.944507,63.91208791,63.55311355,172.8229341,173.6576376,Graham Ave & Conselyea St
3150,40.77536905,-73.94803392,42.36996337,42.73992674,194.7704886,193.1044106,E 85 St & York Ave
3430,40.71907891,-73.9422369,32.56043956,32.53846154,102.5545615,102.7736718,Richardson St & N Henry St
3102,40.72179134,-73.9504154,30.50549451,30.06959707,167.6496893,169.0477685,Driggs Ave & Lorimer St
3092,40.7190095,-73.95852515,73.27838828,73.59340659,306.5607805,298.3203966,Berry St & N 8 St
3131,40.7671284,-73.96224618,37.80586081,37.64102564,149.6998439,150.2820033,E 68 St & 3 Ave
3168,40.78472675,-73.96961715,120.8058608,118.1904762,203.0649884,222.3238641,Central Park West & W 85 St
3310,40.663779,-73.98396846,28.61538462,26.62637363,53.60364453,57.41932703,14 St & 7 Ave
3383,40.804213,-73.96699104,51.95970696,45.18681319,77.35425163,88.2497045,Cathedral Pkwy & Broadway
3596,40.6642406,-73.9574686,3.26007326,3.6996337,41.08345922,38.65169146,Sullivan Pl & Bedford Ave
3052,40.686312,-73.935775,20.46520147,20.58608059,24.88185305,24.71459311,Lewis Ave & Madison St
3288,40.778301,-73.9488134,31.01831502,31.72893773,168.1706573,165.5099818,E 88 St & 1 Ave
3615,40.748,-73.9460927,25.4981685,25.76190476,106.8840092,105.9154087,44 Dr & 21 St
3148,40.77565541,-73.95068615,59.17216117,59.57875458,192.7691471,191.3516064,E 84 St & 1 Ave
3350,40.7973721,-73.97041192,62.83516484,58.98534799,113.4173469,119.6581846,W 100 St & Broadway
3286,40.7806284,-73.9521667,22.78021978,22.90842491,174.9800135,173.7205299,E 89 St & 3 Ave
3136,40.766368,-73.971518,60.84615385,61.17582418,136.1612731,135.6905181,5 Ave & E 63 St
3124,40.74731,-73.95451,44.28937729,44.57875458,126.8226813,125.9946444,46 Ave & 5 St
3387,40.7934337,-73.94945003,15.25274725,15.3956044,122.9535851,121.8963142,E 106 St & Madison Ave
3170,40.78499979,-73.97283406,79.33699634,68.64835165,244.5891008,268.5282015,W 84 St & Columbus Ave
3135,40.77112927,-73.95772297,39.82783883,39.98534799,239.608571,238.6676788,E 75 St & 3 Ave
3400,40.7961535,-73.94782145,33.53113553,33.89010989,60.85482945,60.10086889,E 110 St & Madison Ave
3369,40.7724607,-73.9468208,33.3003663,33.45421245,110.9896925,110.5031164,E 82 St & East End Ave
3654,40.75186951,-73.9334929,9.684981685,9.578754579,28.34304196,28.82548601,31 St & Northern Blvd
3602,40.763154,-73.920827,22.35164835,22.28205128,62.15954449,62.19378952,31 Ave & 34 St
3294,40.7835016,-73.955327,31.6043956,31.41758242,158.1655581,158.1554284,E 91 St & Park Ave
3312,40.7817212,-73.94594,41.01465201,42.32234432,165.6937237,161.273307,1 Ave & E 94 St
3238,40.7739139,-73.95439535,2.622710623,2.494505495,93.23293586,93.42300976,E 80 St & 2 Ave
3521,40.7987859,-73.9523,67.86813187,69.65934066,163.6164359,156.2428248,Lenox Ave & W 111 St
3553,40.801694,-73.957145,48.71428571,51.37362637,180.6658706,171.428573,Frederick Douglass Blvd & W 112 St
3118,40.73555,-73.95284,41.44322344,41.73260073,59.18822536,58.47555405,McGuinness Blvd & Eagle St
3137,40.77282817,-73.96685276,130.9230769,131.5054945,210.1223079,211.1169435,5 Ave & E 73 St
3152,40.76873687,-73.96119945,28.43589744,26.91941392,125.6576162,129.3943245,3 Ave & E 71 St
3370,40.7727966,-73.95577801,36.66666667,36.71428571,174.7678687,174.3459605,E 78 St & 2 Ave
3139,40.77118288,-73.96409422,46.88644689,45.07692308,236.2633215,238.4302629,E 72 St & Park Ave
3157,40.77518615,-73.94446054,24.86080586,25.07692308,83.29868868,82.58937446,East End Ave & E 86 St
3146,40.77573034,-73.9567526,46.89010989,46.91208791,295.625795,296.6767358,E 81 St & 3 Ave
3127,40.74966,-73.9521,10.58608059,10.72161172,62.4031886,61.89463245,9 St & 44 Rd
3284,40.7814107,-73.95595908,30.35164835,30.38095238,189.0422915,189.5739535,E 88 St & Park Ave
3355,40.76800889,-73.96845281,19.40659341,19.34798535,77.94341409,77.69343658,E 66 St & Madison Ave
3606,40.74252,-73.948852,10.24542125,10.24542125,27.0471108,26.95083763,49 Ave & 21 St
3325,40.7849032,-73.950503,4.274725275,4.296703297,122.1525856,120.2898475,E 95 St & 3 Ave
3090,40.71774592,-73.95600096,91.60805861,94.58241758,196.1273022,192.5812042,N 8 St & Driggs Ave
3390,40.79329668,-73.9432083,15.97069597,16.24908425,71.91389266,70.74657895,E 109 St & 3 Ave
3285,40.78839,-73.9747,60.16483516,54.68498168,186.6819859,204.1129824,W 87 St & Amsterdam Ave
3614,40.768692,-73.9249574,15.92307692,16.07326007,54.07634385,53.80420441,Crescent St & 30 Ave
3144,40.77677702,-73.9590097,17.23443223,17.20512821,31.16940258,31.16636514,E 81 St & Park Ave
3374,40.799484,-73.955613,94.35897436,100.3553114,154.7904664,147.2997976,Central Park North & Adam Clayton Powell Blvd
3509,40.8011939,-73.9500739,23.06959707,24.82051282,119.5761401,113.9207796,Lenox Ave & W 115 St
3629,40.80949535,-73.94776493,15.50915751,16.61904762,68.07176618,63.8803975,Adam Clayton Powell Blvd & W 126 St
3343,40.7997568,-73.96211287,24.14285714,22.47252747,73.38217812,83.91656316,W 107 St & Columbus Ave
3598,40.7595701,-73.9142678,10.9010989,10.89010989,35.60280795,35.67601716,Newton Rd & 44 St
3518,40.808442,-73.9452087,35.3992674,37.34432234,77.55510837,74.67385271,Lenox Ave & W 126 St
3151,40.7728384,-73.94989233,38.65201465,38.55677656,147.3587029,146.386986,E 81 St & York Ave
3130,40.75325964,-73.94335788,18.98901099,19.25641026,81.52574701,81.06780669,21 St & Queens Plaza North
3497,40.7949879,-73.9333349,33.74358974,34.4029304,90.33475503,88.50576971,Pleasant Ave & E 116 St
3538,40.802692,-73.96295,35.53479853,29.9047619,90.53966206,105.5013157,W 110 St & Amsterdam Ave
3391,40.7892529,-73.93956237,12.45421245,13.03296703,80.65999696,79.14339247,E 106 St & 1 Ave
3357,40.8008363,-73.96644925,37.1025641,34.12820513,121.6877566,135.3303351,W 106 St & Amsterdam Ave
3490,40.796879,-73.937261,11.14652015,11.35531136,61.04955965,59.96234846,E 116 St & 2 Ave
3295,40.79127,-73.964839,98.69230769,85.03296703,193.6056709,215.9779274,Central Park W & W 96 St
3506,40.8013066,-73.9398167,8.509157509,8.523809524,89.67761889,89.38532264,Lexington Ave & E 120 St
3454,40.71036854,-73.94705951,24.85347985,24.78754579,80.50650992,80.6231456,Leonard St & Maujer St
3575,40.76108,-73.930562,11.64835165,11.69230769,55.02090747,54.91473926,Crescent St & 34 Ave
3292,40.7857851,-73.957481,46.17582418,46.17216117,180.59222,180.0124788,5 Ave & E 93 St
3441,40.752957,-74.00264,12.57142857,12.73260073,331.0224649,319.0212718,10 Hudson Yards
443,40.70853074,-73.96408963,16.79120879,12.62271062,127.6736471,139.2416201,Bedford Ave & S 9 St
3119,40.74232744,-73.95411749,66.87912088,67.23443223,277.7580167,276.2799451,Vernon Blvd & 50 Ave
3290,40.7779453,-73.946041,18.33699634,18.58608059,96.77804621,95.33000076,E 89 St & York Ave
3336,40.787801,-73.953559,47.27106227,47.35531136,173.0370464,172.7306733,E 97 St & Madison Ave
3105,40.724055,-73.955736,25.93772894,26.29304029,158.1495096,157.3246185,N 15 St & Wythe Ave
3623,40.8109494,-73.9634,24.97069597,19.24908425,45.13034677,58.6462141,W 120 St & Claremont Ave
3510,40.8078316,-73.949373,20.35164835,20.76923077,55.12185907,53.19945885,Adam Clayton Powell Blvd & W 123 St
2022,40.759107,-73.959223,29.32600733,29.43956044,85.33108225,85.12036234,E 60 St & York Ave
3116,40.73266,-73.95826,45.16483516,47.25641026,208.4610827,201.292651,Huron St & Franklin St
3496,40.7923272,-73.9383,29.27106227,29.75091575,50.99127341,49.91578835,1 Ave & E 110 St
3498,40.7974772,-73.9311847,9.743589744,10.1025641,42.04772491,41.09533415,Pleasant Ave & E 120 St
3647,40.74128309,-73.93725872,5.934065934,5.875457875,16.72487502,16.82624545,48 Ave & 30 Pl
3309,40.7859201,-73.94860294,13.0952381,13.15750916,106.0267063,104.5625772,E 97 St & 3 Ave
3566,40.7596276,-73.9321455,9.941391941,9.831501832,30.13609024,30.41047286,Crescent St & 35 Ave
3593,40.761584,-73.925921,34.86813187,34.4981685,82.41082963,82.81037619,31 St & Broadway
3611,40.7449067,-73.9534573,19.76923077,19.94871795,60.35528578,59.84479625,Vernon Blvd & 47 Rd
3087,40.71413311,-73.95234386,46.4981685,45.81318681,73.3818438,74.15041765,Metropolitan Ave & Meeker Ave
3069,40.70411791,-73.94818595,11.62637363,12.47985348,46.07508723,43.27875316,Lorimer St & Broadway
3113,40.73026,-73.95394,53.62637363,53.77655678,134.6396714,132.7377985,Greenpoint Ave & Manhattan Ave
428,40.72467721,-73.98783413,0.003663004,0.014652015,247.418408,243.8542198,E 3 St & 1 Ave
3123,40.74469738,-73.93540375,11.46153846,11.4981685,25.53798423,25.49007724,31 St & Thomson Ave
3631,40.666563,-73.956741,5.578754579,5.703296703,33.74816923,33.09480589,Crown St & Bedford Ave
3061,40.69622937,-73.94371094,9.025641026,8.813186813,29.97513892,29.89122658,Throop Ave & Myrtle Ave
3091,40.71764,-73.94882,14.10622711,13.64102564,115.2555392,116.7287762,Frost St & Meeker St
3541,40.813358,-73.956461,17.06959707,19.61172161,50.1559162,47.6902447,Amsterdam Ave & W 125 St
3591,40.7659,-73.930819,15.72527473,15.9010989,57.65905515,57.30184936,21 St & 31 Dr
3068,40.7031724,-73.940636,21.94139194,23.57142857,48.9621188,46.0003436,Humboldt St & Varet St
3531,40.8125511,-73.9492286,14.97069597,15.87912088,35.75419347,33.93090474,Frederick Douglass Blvd & W 129 St
3117,40.73564,-73.95866,34.54578755,34.76923077,85.17175654,82.87534353,Franklin St & Dupont St
3587,40.6686744,-73.9618148,8.706959707,8.633699634,40.45453362,42.83950363,Carroll St & Washington Ave
3059,40.6933982,-73.939877,9.673992674,9.582417582,39.95224389,40.39699642,Pulaski St & Marcus Garvey Blvd
3109,40.72606,-73.95621,43.82417582,44.82417582,151.3450254,147.7135926,Banker St & Meserole Ave
3403,40.6705135,-73.98876585,25.65201465,28.78021978,61.49597942,57.49128708,4 Ave & 9 St
3452,40.71915572,-73.94885391,25.56776557,25.41025641,147.7285226,148.429164,Bayard St & Leonard St
3618,40.7485,-73.941275,13.47252747,13.48351648,39.61506231,39.52240851,27 St & Hunter St
3071,40.70538077,-73.94976519,17.11355311,17.46153846,49.37164104,48.97707315,Boerum St & Broadway
3065,40.70029511,-73.95032283,11,11.38095238,26.05083119,25.17473694,Union Ave & Wallabout St
3563,40.757186,-73.932719,12.13186813,12.12454212,29.69181453,29.70656093,28 St & 36 Ave
3072,40.70583339,-73.94644578,13.8974359,14.28571429,70.56601576,69.26451747,Leonard St & Boerum St
3477,40.65539977,-74.01062787,7.384615385,9.267399267,18.53479853,14.76923077,39 St & 2 Ave - Citi Bike HQ at Industry City
3590,40.6679411,-73.9588,5.043956044,5.087912088,46.94312537,47.39229069,Carroll St & Franklin Ave
3585,40.6691783,-73.9554162,7.805860806,7.791208791,20.3964703,20.44672512,Union St & Bedford Ave
3094,40.7169811,-73.94485918,23.5018315,23.48351648,84.76156532,85.08764585,Graham Ave & Withers St
3324,40.6685455,-73.99333264,17.15384615,18.50915751,65.45722671,60.90929344,3 Ave & 14 St
3367,40.7922553,-73.95249933,58.84615385,58.98901099,198.4149783,197.8775241,5 Ave & E 103 St
3595,40.760339,-73.9222427,14.79487179,14.84615385,76.69440668,76.83399134,35 St & Broadway
3070,40.70510918,-73.94407279,14.45054945,14.80952381,62.54373521,60.03584143,McKibbin St & Manhattan Ave
3560,40.754876,-73.934326,12.02564103,11.74725275,24.55842079,25.09394233,28 St & 38 Ave
3128,40.75052534,-73.94594845,8.615384615,8.681318681,36.95983719,36.66667579,21 St & 43 Ave
3469,40.73181402,-73.95995021,20.95970696,21.70695971,92.64859192,89.48643901,India St & West St
3395,40.6763744,-74.00324957,0.597069597,0.597069597,28.02098083,26.86587844,Henry St & W 9 St [old]
3345,40.78948542,-73.95242929,27.97435897,27.68131868,87.62748476,88.43281215,Madison Ave & E 99 St
3642,40.7872852,-73.95012259,0.981684982,0.996336996,96.51455468,95.80359707,E 98 St & Lexington Ave
3341,40.795346,-73.96186,35.47252747,30.78754579,105.0407353,116.9879365,Central Park West & W 102 St
3379,40.7903051,-73.94755757,25.37728938,25.95604396,105.299366,103.3126968,E 103 St & Lexington Ave
3318,40.7839636,-73.9471673,65.39194139,67.28937729,311.1640643,302.9603103,2 Ave & E 96 St
3556,40.7527085,-73.9397405,14.61172161,14.62637363,47.40535247,47.40620549,24 St & 41 Ave
3507,40.8045555,-73.9396861,58.46153846,58.68864469,152.1213529,151.4386299,Park Ave & E 124 St
3568,40.7569332,-73.9262231,16.71794872,16.73992674,79.15396148,79.11497066,34 St & 35 Ave
3535,40.804038,-73.945925,21.32967033,21.56410256,57.52542464,56.77539789,Mt Morris Park W & W 120 St
3646,40.76315482,-73.9398551,6.915750916,6.937728938,26.09856192,26.05061066,35 Ave & 10 St
3527,40.80698,-73.941747,10.62271062,10.57142857,98.58232932,97.1450056,5 Ave & E 126 St
3296,40.78245418,-73.94891962,30.47985348,31.6007326,126.804365,123.1962239,E 93 St & 2 Ave
3363,40.7904828,-73.95033068,18.68498168,18.83150183,71.2898985,70.79768274,E 102 St & Park Ave
3520,40.804372,-73.951475,14.71062271,15.45421245,113.0598293,106.8474207,Adam Clayton Powell Blvd & W 118 St
3649,40.81439444,-73.95324737,10.73260073,10.61538462,53.09625977,50.42058691,W 129 St & Convent Ave
3512,40.7747175,-73.9337894,2.721611722,3.322344322,15.14855198,13.8573404,27 Ave & 4 St
3551,40.795508,-73.941606,10.54945055,10.65201465,42.2895641,41.8280039,3 Ave & E 112 St
3500,40.7989445,-73.944846,11.07692308,11.21245421,62.63873325,61.90319689,E 115 St & Madison Ave
3545,40.8120562,-73.9612547,16.72527473,15.83516484,62.68212439,65.94197018,Broadway & W 122 St
3620,40.7519071,-73.9479119,2.593406593,2.549450549,18.98529273,18.89930682,11 St & 43 Ave
3122,40.74436329,-73.95587325,13.63736264,13.67032967,59.9867817,59.70892951,48 Ave & 5 St
3621,40.7739825,-73.9309134,7.10989011,7.128205128,16.86187731,16.77049185,27 Ave & 9 St
3126,40.74718234,-73.9432635,39.7032967,39.82051282,55.20300984,55.01573142,44 Dr & Jackson Ave
3491,40.79747,-73.93504,14.12454212,14.37728938,66.50761852,65.30579428,E 118 St & 1 Ave
3338,40.7862586,-73.94552579,18.11721612,18.35164835,80.87227939,79.76974685,2 Ave & E 99 St
3555,40.751047,-73.93797,24.04761905,24.17948718,54.01384969,53.76459578,28 St & 41 Ave
3605,40.7658346,-73.9265474,16.42490842,16.38827839,73.39862845,73.42221076,31 Ave & Crescent St
3221,40.743,-73.93561,11.0989011,11.10622711,11.10622711,11.0989011,47 Ave & 31 St
3530,40.7787185,-73.9145645,12.11355311,12.2014652,34.60430315,34.36727109,Crescent St & Ditmars Blvd
3425,40.7892105,-73.94370784,28.08058608,28.45054945,111.1794009,109.5199534,2 Ave & E 104 St
3588,40.7671863,-73.9373554,15.07692308,15.32234432,52.09864862,51.40193309,Vernon Blvd & 10 St
3625,40.7525758,-73.9364281,7.076923077,6.853479853,46.30604365,46.78415944,28 St & 40 Ave
3326,40.67434,-74.00194698,7.080586081,7.692307692,48.3528845,46.30359115,Clinton St & Centre St
3619,40.7713615,-73.9246145,14.62271062,14.72893773,23.1308609,22.975057,Newtown Ave & 23 St
3532,40.78145,-73.9183302,18.24908425,18.31868132,20.04338524,19.9613616,Ditmars Blvd & 19 St
3564,40.7601853,-73.9362726,3.985347985,3.84981685,21.84553429,22.34360038,21 St & 36 Ave
3505,40.805726,-73.936322,7.333333333,7.435897436,61.12863862,60.42634657,Lexington Ave & E 127 St
3515,40.774591,-73.918544,12.05494505,12.00732601,41.47856293,41.5438281,24 Ave & 26 St
3503,40.80295,-73.942954,9.146520147,9.227106227,87.13021292,86.56173845,Madison Ave & E 120 St
3449,40.72146256,-73.94800901,17.01098901,16.98534799,103.7112889,103.5082026,Eckford St & Engert Ave
3499,40.8006721,-73.9349,9.80952381,9.904761905,34.74819773,34.13110905,2 Ave & E 122 St
3577,40.7628138,-73.9342862,9.63003663,9.556776557,36.67118733,36.92200261,34 Ave & 21 St
3529,40.8107922,-73.9430681,31.73260073,32.78388278,66.50575764,63.89222679,Lenox Ave & W 130 St
3456,40.71638032,-73.94821286,9.322344322,9.208791209,92.83709185,93.20998293,Jackson St & Leonard St
3095,40.71929301,-73.94500379,18.10989011,18.10622711,72.1282793,72.57383811,Graham Ave & Herbert St
3501,40.8014866,-73.9442507,11.64835165,11.63736264,48.71994516,48.52327938,E 118 St & Madison Ave
3495,40.7945663,-73.9362541,10.79487179,10.97435897,46.061729,45.30026855,E 114 St & 1 Ave
3597,40.7577284,-73.9166368,15.86813187,15.96336996,33.80123795,33.82228951,43 St & Broadway
3424,40.791976,-73.945993,15.05860806,15.31868132,70.57893949,69.55861923,E 106 St & Lexington Ave
3184,40.7141454,-74.0335519,0,0.029304029,0.100971039,0,Paulus Hook
3333,40.6747055,-74.0075572,2.333333333,3.794871795,18.64012631,15.56774666,Columbia St & Lorraine St
3592,40.7633589,-73.9286471,21.34432234,21.32234432,71.26503035,71.47346806,Crescent St & Broadway
3493,40.799139,-73.9389152,13.16117216,13.31135531,39.08653958,38.66139583,E 118 St & 3 Ave
3617,40.7671,-73.9169858,15.84249084,15.73992674,63.18434867,63.31485656,28 Ave & 35 St
3514,40.7767,-73.927631,16.36630037,16.45054945,20.17145031,20.07263757,Astoria Park S & Shore Blvd
3570,40.7557327,-73.9236611,17.996337,18.04029304,55.68446223,55.54719313,35 Ave & 37 St
3502,40.7954121,-73.9441232,17.77655678,18.17948718,58.58181962,57.77914248,Lexington Ave & E 111 St
3589,40.7668,-73.9347774,10.33333333,10.42490842,50.04143846,49.69170629,Broadway & 12 St
3516,40.7699176,-73.9184057,29.4029304,29.27838828,84.26977004,84.51851036,31 St & Astoria Blvd
3302,40.7969347,-73.96434123,14.70695971,12.05860806,105.2976124,114.1441117,Columbus Ave & W 103 St
3543,40.81028506,-73.95736456,9.626373626,9.102564103,58.62814478,58.34811131,Morningside Dr & Amsterdam Ave
3603,40.7647,-73.9240312,16.22710623,16.12087912,67.87494992,68.10612997,31 Ave & 30 St
3573,40.7580583,-73.9242751,10.26007326,10.27106227,52.41292639,52.48817847,35 St & 34 Ave
3554,40.7552433,-73.9485678,9.750915751,9.776556777,12.81661857,12.81907664,Vernon Blvd & 41 Rd
3511,40.802535,-73.9532423,14.7985348,15.4029304,147.7853554,140.9327145,Adam Clayton Powell Blvd & W 115 St
3609,40.7692475,-73.9354504,10.08791209,10.41391941,27.42086546,26.74360952,Vernon Blvd & 31 Ave
3504,40.8029263,-73.9379,13.48717949,13.93040293,31.9500828,31.30777734,E 123 St & Lexington Ave
3561,40.7531106,-73.9279917,10.67032967,10.65934066,15.41647114,15.42121447,37 Ave & 35 St
3572,40.756913,-73.921631,27.81684982,27.85347985,39.85249455,39.78002799,34 Ave & 38 St
3526,40.7747878,-73.9125551,36.12087912,36.36630037,49.51254588,49.11205887,31 St & 23 Ave
3622,40.80756,-73.939182,12.52014652,12.72161172,66.34140259,65.84117126,E 128 St & Madison Ave
3428,40.740983,-74.001702,0,0.003663004,375.1154146,367.0000344,8 Ave & W 16 St
3586,40.7638753,-73.9364848,4.516483516,4.472527473,32.56869061,32.49065564,34 Ave & 13 St
3653,40.75820465,-73.9283216,14.46153846,14.52014652,40.89838649,40.96580803,31 St & 35 Ave
3492,40.8005385,-73.9419949,5.36996337,5.296703297,37.96976737,37.82969485,E 118 St & Park Ave
3540,40.81,-73.9551508,16.7032967,17.18681319,53.64780088,51.53503496,Morningside Ave & W 123 St
3494,40.797911,-73.9423,13.89377289,13.94139194,44.45573746,43.9678991,E 115 St & Lexington Ave
3612,40.7703743,-73.9286078,7.373626374,7.428571429,25.03482201,24.86474781,30 Ave & 21 St
3522,40.7701477,-73.9120938,10.34065934,10.43223443,20.19545821,20.02343736,37 St & 24 Ave
3120,40.74161,-73.96044,17.79487179,17.84615385,26.51991644,26.4156363,Center Blvd & Borden Ave
3567,40.7627442,-73.9391141,3.663003663,3.362637363,11.23880608,11.88204026,11 St & 35 Ave
3616,40.7656251,-73.9136695,14.42490842,14.44688645,28.02608083,28.01678082,Steinway St & 28 Ave
3610,40.770845,-73.934171,19.57509158,19.78388278,34.45507321,33.90295698,Vernon Blvd & 30 Rd
3565,40.7614376,-73.9411265,12.21245421,12.34065934,13.19397163,13.12873821,36 Ave & 10 St
3607,40.7682,-73.9322662,9.531135531,9.567765568,33.11395486,32.68616847,31 Ave & 14 St
3528,40.7713937,-73.9077436,11.97069597,12.17948718,14.0056516,13.78083015,Steinway St & 23 Ave
3524,40.7774552,-73.9225403,15.65934066,15.7032967,24.00007653,23.9220158,19 St & 24 Ave
3525,40.776165,-73.9153175,6.692307692,6.813186813,49.78378119,49.44154143,23 Ave & 27 St
3513,40.774645,-73.923706,8.945054945,8.992673993,34.78174757,34.61091099,21 St & Hoyt Ave S
3517,40.7711528,-73.9170074,16.62637363,16.57142857,44.6075668,44.77709572,31 St & Hoyt Ave N
3559,40.7576314,-73.9391224,3.677655678,3.424908425,9.468088822,9.750277772,21 St & 38 Ave
3557,40.75742,-73.945133,3.84981685,3.853479853,10.62595488,10.5664435,40 Ave & 9 St
3523,40.7729,-73.916142,10.57875458,10.65934066,43.82242481,43.6269728,24 Ave & 29 St
3239,40.64653837,-74.01658773,0.523809524,0.523809524,0.523809524,0.523809524,Bressler
3488,45.50636405,-73.56946349,0.010989011,0.014652015,0.02930403,0.021978022,8D QC Station 01
3662,40.7612939,-73.91691685,15.43589744,15.25274725,38.25163161,38.40399536,31 Ave & Steinway St
3650,45.50626419,-73.56890559,0.285714286,0.285714286,0.285714286,0.285714286,8D Mobile 01
3457,40.76302594,-73.97209525,58.24175824,58.61172161,174.0491861,170.7105696,E 58 St & Madison Ave
3214,40.7127742,-74.0364857,0,0.054945055,0.190866171,0,Essex Light Rail
3040,40.66979964,-73.99497986,0.029304029,0.032967033,11.60174409,11.04591731,GOW Tech Shop
3481,40.71649,-74.04105,0,0.007326007,0.038347627,0,York St
3267,40.71241882,-74.03852552,0,0.04029304,0.084557511,0,Morris Canal
3608,40.7423737,-73.9566,10.05860806,10.11721612,24.77259693,24.62782562,5 St & 51 Ave
3668,40.72395678,-73.94984365,32.88644689,33.02930403,60.14409172,59.99067513,Leonard St & Nassau Ave
3487,40.65659567,-74.00849283,0.043956044,0.047619048,0.047619048,0.043956044,Prototype Lab Motivate Headquarters
3671,40.77477945,-73.95427465,27.82417582,27.88644689,214.6600446,213.166975,E 81 St & 2 Ave
3674,40.70140317,-73.9867267,73.77655678,76.54578755,143.9053783,140.6889947,Jay St & York St
3669,40.67630358,-74.00314048,5.208791209,5.435897436,32.93046182,31.5889323,Henry St & W 9 St
3299,40.78813,-73.95206,8.802197802,8.776556777,39.45274988,39.37601719,E 98 St & Park Ave
3672,40.66976709,-73.99474382,0.010989011,0.010989011,12.85889567,12.22435976,Apache
3192,40.7112423,-74.0557013,0,0.036630037,0.036630037,0,Liberty Light Rail
3680,40.75412081,-73.98025185,67.46153846,66.93040293,614.2441819,618.9093635,E 43 St & 5 Ave
3673,40.67759207,-73.95563722,18.35531136,18.27838828,44.73905053,45.77109286,Dean St & Franklin Ave
3628,40.8025566,-73.9490782,19.45054945,19.58608059,57.1277279,55.90887757,Lenox Ave & W 117 St
3681,40.71517768,-74.03768331,0,0.007326007,0.030843764,0,Grand St
3182,40.686931,-74.016966,26,25.97435897,25.97435897,26,Yankee Ferry Terminal
3185,40.7177325,-74.043845,0,0.007326007,0.046169787,0,City Hall
3254,40.69231661,-74.01486576,28.97069597,29.08424908,29.08424908,28.97069597,Soissons Landing
3186,40.71958612,-74.04311746,0,0.003663004,0.010382992,0,Grove St PATH
3684,40.73756121,-74.00398269,64.62637363,65.17948718,358.8127774,355.2371634,W 12 St & W 4 St
3686,40.7394482,-74.00507033,97.25641026,98.72527473,559.42276,550.9380377,Gansevoort St & Hudson St
3683,40.71015471,-73.98453534,0.333333333,0.285714286,19.03407302,18.99352986,Smart Cities Conference
3676,40.67583294,-74.01472628,18.63369963,20.68498168,29.99457384,26.41866435,Van Brunt St & Van Dyke St
3675,40.7845968,-73.94968539,16.43223443,16.52014652,79.23411288,78.15193574,3 Ave & E 95 St
3666,40.76642553,-73.92062902,21.02197802,21.16483516,63.68072531,63.71636412,32 St & 30 Ave
3276,40.71458404,-74.04281706,0,0.029304029,0.038818811,0,Marin Light Rail
3183,40.7162469,-74.0334588,0,0.029304029,0.053743949,0,Exchange Place
3213,40.71848892,-74.04772663,0,0.010989011,0.014358673,0,Van Vorst Park
3479,40.6851256,-74.02535319,20.83516484,20.6007326,20.6007326,20.83516484,Picnic Point
3196,40.7443187,-74.0439909,0,0.007326007,0.007326007,0,Riverview Park
3195,40.73074263,-74.06378388,0,0.007326007,0.007326007,0,Sip Ave
3203,40.72759597,-74.04424731,0,0.010989011,0.021978022,0,Hamilton Park
3198,40.74871595,-74.0404433,0,0.032967033,0.032967033,0,Heights Elevator
3426,40.70965083,-74.06860113,0,0.003663004,0.003663004,0,JCBS Depot
3687,40.74322681,-73.97449784,61.58974359,61.78388278,194.1040112,193.3546202,E 33 St & 1 Ave
298,40.68683208,-73.9796772,22.89377289,23.48717949,160.7742562,135.2060116,3 Ave & Schermerhorn St
3688,40.75792021,-73.96638215,33.65567766,33.54578755,192.5415708,192.3000561,2 Ave & E 55 St
3689,40.79904139,-73.9664948,15.87912088,14.20512821,70.19067322,79.70821719,W 104 St & Amsterdam Ave
3275,40.7183552,-74.03891444,0,0.007326007,0.023043959,0,Columbus Drive
3692,40.69999748,-73.97440128,3.289377289,3.505494505,23.26649085,21.55762237,5 St & Market St
3691,40.76408932,-73.91065121,5.296703297,5.347985348,15.08701186,15.02091385,28 Ave & 44 St
3651,40.72522577,-73.97468617,0,0.007326007,123.9025924,128.9197032,Bike Mechanics at Riis Room A
3199,40.7287448,-74.0321082,0,0.043956044,0.087912088,0,Newport Pkwy
3036,40.66290777,-73.999722,0.010989011,0.007326007,0.007326007,0.010989011,8D OPS 01
3697,40.77515953,-73.98918696,24.6007326,24.38461538,95.85632097,96.92814387,W 64 St & Thelonious Monk Circle
3690,40.71334184,-74.00935516,17.52747253,17.64835165,151.0753713,149.8991758,Park Pl & Church St
3695,40.72686952,-73.98919031,34.37728938,34.86446886,465.4276566,458.3836467,E 5 St & 2 Ave
3693,40.72248189,-73.95921931,12.84615385,13.03663004,176.9168245,169.7087295,N 11 St & Kent Ave
3153,40.76817547,-73.95910263,10.26373626,10.35897436,232.1966905,231.3182435,E 71 St & 2 Ave
3678,40.72572614,-74.07195926,0,0.003663004,0.003663004,0,Fairmount Ave
3270,40.72528911,-74.04557168,0,0.010989011,0.010989011,0,Jersey & 6th St
3645,40.67233267,-73.99706125,0,0.003663004,11.72474522,11.31651745,Bike Mechanics at Riis Room B
3202,40.7272235,-74.0337589,0,0.003663004,0.011011081,0,Newport PATH
3191,40.7182113,-74.0836394,0,0.010989011,0.010989011,0,Union St
3638,40.7242941,-74.0354826,0,0.010989011,0.014686079,0,Washington St
3268,40.71346383,-74.06285852,0,0.007326007,0.007326007,0,Lafayette Park
3699,40.76360468,-73.98917958,13.46520147,13.49450549,351.2582192,350.6823052,W 50 St & 9 Ave
3700,40.77940609,-73.95333588,5.567765568,5.578754579,82.02070153,81.75943423,E 87 St & 3 Ave
3701,40.70831794,-74.00504082,18.1025641,18.13919414,203.1894079,200.9736775,Cliff St & Fulton St
3705,40.72840059,-73.99968781,21.71062271,21.70695971,541.8296217,530.0615071,Thompson St & Bleecker St
3704,40.74375241,-73.94176483,0.201465201,0.216117216,21.8085794,21.73365383,47 Ave & Skillman Ave
493,40.7568001,-73.98291153,12.5970696,12.5970696,243.2096069,242.67407,W 45 St & 6 Ave
3187,40.7211236,-74.03805095,0,0.003663004,0.012322808,0,Warren St
3630,40.8038654,-73.9559308,2.791208791,2.875457875,27.49987363,25.97793166,Frederick Douglass Blvd & W 115 St
3639,40.7192517,-74.034234,0,0.018315018,0.043144689,0,Harborside
3154,40.77314236,-73.95856158,0.446886447,0.428571429,84.83573375,84.7981437,E 77 St & 3 Ave