,station id,latitude,longitude,Arrivals_true,Departures_true,name,arrivals_characteristic,departures_characteristic
0,505,40.74901271,-73.98848395,211.3736264,213.1282051,6 Ave & W 33 St,1354.3144348974015,1364.0668355710818
1,3255,40.75058535,-73.99468482,208.16117219999998,212.8864469,8 Ave & W 31 St,865.5968428752839,881.5331472747926
2,525,40.75594159,-74.0021163,110.2161172,112.1062271,W 34 St & 11 Ave,204.15954502035174,207.56784847451556
3,447,40.76370739,-73.9851615,125.94505490000002,125.74358970000002,8 Ave & W 52 St,846.9479479577973,841.9464706643158
4,3356,40.7746671,-73.98470567,46.0,45.2014652,Amsterdam Ave & W 66 St,257.45210262490525,245.6112107899054
5,482,40.73935542,-73.99931783,179.29670330000005,182.70695969999997,W 15 St & 7 Ave,939.8604437031768,955.3965302164985
6,228,40.7546011,-73.97187886,72.1025641,72.32967033,E 48 St & 3 Ave,478.4825865846598,478.77617227998894
7,173,40.76068327,-73.98452729,173.0842491,173.8241758,Broadway & W 49 St,691.6874718556764,691.5878314217605
8,479,40.76019252,-73.9912551,163.79120880000005,164.7289377,9 Ave & W 45 St,929.6443318428684,932.3021175742226
9,450,40.76227205,-73.98788205,158.3663004,157.010989,W 49 St & 8 Ave,787.3175230692095,783.0151814107281
10,347,40.728846000000004,-74.00859100000002,149.41391940000003,152.9340659,Greenwich St & W Houston St,440.4691060805169,448.9117222872325
11,127,40.73172428,-74.00674436,167.35164840000004,169.47252749999996,Barrow St & Hudson St,583.3674464307586,591.3546273686311
12,3635,40.75462324,-73.99516761,88.81684982,89.32967033,W 36 St & 9 Ave,405.60989125105027,407.58383141061694
13,457,40.76695317,-73.98169333,206.3479853,202.985348,Broadway & W 58 St,722.679466682106,708.5111102375888
14,523,40.75466591,-73.99138152,179.5054945,180.14652009999998,W 38 St & 8 Ave,759.7728494507298,762.8456269483231
15,514,40.76087502,-74.00277668,242.67032969999997,251.014652,12 Ave & W 40 St,329.1698705988641,339.7775680025221
16,478,40.76030096,-73.99884222,130.4798535,131.6959707,11 Ave & W 41 St,354.0297333995742,358.2197358873604
17,484,40.75500254,-73.98014437,84.3040293,85.33333333,W 44 St & 5 Ave,640.1729505126079,642.7966806470617
18,490,40.751551,-73.993934,230.2600733,230.4688645,8 Ave & W 33 St,965.0116221211299,972.3967932847222
19,500,40.76228826,-73.98336183,98.66300366,101.64102559999999,Broadway & W 51 St,619.9427015533973,625.5715945542337
20,477,40.75640548,-73.9900262,247.99267400000002,248.22710619999998,W 41 St & 8 Ave,1042.3748059924449,1043.7169267350343
21,529,40.75756989999999,-73.99098507,128.6336996,129.8095238,W 42 St & 8 Ave,803.1446538554571,806.4924549356103
22,3459,40.75763228,-73.96930575,82.92673993,83.1978022,E 53 St & 3 Ave,562.3797646559126,564.1620931113416
23,3236,40.75898481,-73.99379969,115.9267399,112.34798529999999,W 42 St & Dyer Ave,575.8665347693498,567.3327475729582
24,3233,40.75724568,-73.97805914,149.24542119999995,149.7252747,E 48 St & 5 Ave,530.7077523842011,534.2816451304813
25,465,40.75513557,-73.98658032,189.1135531,189.06959709999998,Broadway & W 41 St,743.4307908281422,742.7196359636205
26,487,40.73314259,-73.97573881,146.5128205,134.959707,E 20 St & FDR Drive,208.82410852426972,194.8903057353051
27,469,40.76344058,-73.98268129,111.70695970000001,101.5934066,Broadway & W 53 St,738.5897394535916,704.655009756241
28,359,40.75510267,-73.97498696,204.5054945,201.80952380000002,E 47 St & Park Ave,715.3670718991075,708.6445840632463
29,379,40.749156,-73.9916,207.23809519999998,209.3919414,W 31 St & 7 Ave,1202.9271627408236,1216.5520390748086
30,3167,40.77966809,-73.98093045,148.89377290000004,142.76190480000002,Amsterdam Ave & W 73 St,595.7286342188813,550.4959145109079
31,3175,40.77748046,-73.98288594,67.84981685,65.50915751,W 70 St & Amsterdam Ave,358.42713564504083,335.0271421312991
32,3173,40.77750703,-73.98888588,81.07326007,81.23809524,Riverside Blvd & W 67 St,191.8812787423181,191.6407138497318
33,442,40.746646999999996,-73.993915,158.029304,158.021978,W 27 St & 7 Ave,764.2141419629478,767.5236288375373
34,546,40.74444921,-73.98303529,108.3296703,108.7985348,E 30 St & Park Ave S,604.4360748637187,605.4902144042217
35,3435,40.718821999999996,-73.99596,186.4285714,185.8168498,Grand St & Elizabeth St,687.3073300201132,686.7254246023233
36,328,40.72405549,-74.00965965,102.2564103,102.80952380000001,Watts St & Greenwich St,290.9645429818787,294.5050555305566
37,3534,40.805159,-73.95469200000002,55.46886447,60.1978022,Frederick Douglass Blvd & W 117 St,160.01356269831166,172.79075113943597
38,2006,40.76590936,-73.97634151,232.7912088,232.09157510000003,Central Park S & 6 Ave,539.6712691303593,524.7978034841044
39,383,40.735238,-74.000271,136.1208791,139.28571430000002,Greenwich Ave & Charles St,825.3433031837126,840.6224278313495
40,2021,40.75929124,-73.98859651,129.7619048,129.6996337,W 45 St & 8 Ave,698.1417402989811,698.4952519498293
41,3141,40.76500525,-73.95818491,158.2197802,158.9413919,1 Ave & E 68 St,386.8344332625152,388.45385139932694
42,72,40.76727216,-73.99392888,108.8791209,109.42857140000001,W 52 St & 11 Ave,211.51567615314474,212.39971550277184
43,519,40.751872999999996,-73.97770600000003,422.35164840000004,420.85714289999993,Pershing Square North,1637.3104791457095,1628.8201549467174
44,480,40.76669671,-73.99061728,106.56410259999998,106.5604396,W 53 St & 10 Ave,434.15838546303473,434.2379873792586
45,520,40.75992262,-73.97648516,100.42857140000001,105.025641,W 52 St & 5 Ave,411.8254253974276,427.6418869742285
46,358,40.73291553,-74.00711384,222.07326009999997,225.029304,Christopher St & Greenwich St,773.4966824177209,783.5188397587783
47,212,40.74334935,-74.00681753,127.6336996,128.040293,W 16 St & The High Line,681.3867178505966,694.2978046282732
48,388,40.74971775,-74.00295035,110.992674,113.83882779999999,W 26 St & 10 Ave,588.5476835943753,603.3445886899113
49,448,40.75660359,-73.9979009,121.2820513,121.5604396,W 37 St & 10 Ave,309.51417304254545,310.5636096152044
50,3458,40.76309387,-73.97835016,102.2600733,102.70695970000001,W 55 St & 6 Ave,451.10054628608964,452.8397707920433
51,468,40.7652654,-73.98192338,130.9084249,129.2930403,Broadway & W 56 St,709.151483395571,698.4427572221437
52,3323,40.798185600000004,-73.96059090000001,52.42857143,49.57875458,W 106 St & Central Park West,148.56475605075278,139.1273508202728
53,507,40.73912601,-73.97973776,142.3882784,141.2344322,E 25 St & 2 Ave,613.4386761677937,609.790744176252
54,380,40.73401143,-74.00293877,131.17582420000002,132.7435897,W 4 St & 7 Ave S,704.6498906210467,713.8507434074795
55,504,40.73221853,-73.98165557,183.996337,188.54945049999998,1 Ave & E 16 St,662.5656365792079,671.3337741984265
56,426,40.71754834,-74.01322069,280.1172161,296.010989,West St & Chambers St,983.2150639164099,1033.1131615890786
57,446,40.74487634,-73.99529885,177.7362637,178.3113553,W 24 St & 7 Ave,901.958849825043,906.0659882220549
58,2009,40.71117444,-73.99682619,63.21611722,63.996337,Catherine St & Monroe St,278.85101820594514,282.78574193747255
59,382,40.73492695,-73.99200509,210.06959709999998,215.5347985,University Pl & E 14 St,1349.0061338586906,1379.7354635055947
60,515,40.76009437,-73.99461843,120.3076923,121.2600733,W 43 St & 10 Ave,550.8941920521672,552.6967823045818
61,3443,40.76132983,-73.97982001,130.1538462,136.2710623,W 52 St & 6 Ave,510.43624253818535,525.4568634824403
62,449,40.76461837,-73.98789473,9.893772894,9.776556777,W 52 St & 9 Ave,271.4017677068631,270.3564465996637
63,3283,40.7882213,-73.97041561,73.63736264,58.61904762,W 89 St & Columbus Ave,234.8168252710592,197.8522131397223
64,377,40.72243797,-74.00566443,116.96337,124.16117220000001,6 Ave & Canal St,476.55074146187644,499.29659332826407
65,458,40.751396,-74.00522600000002,161.4102564,171.5238095,11 Ave & W 27 St,490.07388018215374,515.0297535509864
66,522,40.75714758,-73.97207836,62.27838828,62.9047619,E 51 St & Lexington Ave,444.3679957395168,448.2780644160684
67,3259,40.74937024,-73.99923384,64.83882784,65.2014652,9 Ave & W 28 St,343.83828441047217,346.5579101910197
68,2023,40.75968085,-73.97031366,51.46886447,51.604395600000004,E 55 St & Lexington Ave,410.40853155492255,413.0593444735923
69,499,40.76915505,-73.98191841,236.31501830000002,232.5164835,Broadway & W 60 St,692.6819556438993,676.1100507428492
70,492,40.75019995,-73.99093085,219.21978019999997,228.78388280000001,W 33 St & 7 Ave,1322.1047202204456,1359.8864188843052
71,3301,40.7919557,-73.968087,80.56776557,72.71428571,Columbus Ave & W 95 St,189.61814991054055,169.65957031258816
72,3224,40.73997354,-74.00513873,55.24908425,59.17948718,W 13 St & Hudson St,619.0596147343149,644.3636141757765
73,491,40.74096374,-73.98602213,171.7399267,170.7362637,E 24 St & Park Ave S,794.8182625095146,793.6414992244083
74,385,40.75797322,-73.96603308,18.82051282,18.87179487,E 55 St & 2 Ave,282.91639071580727,283.5363002621066
75,526,40.74765947,-73.98490707,108.6117216,108.55311359999999,E 33 St & 5 Ave,675.0844943517222,673.8287753778534
76,459,40.746745000000004,-74.007756,206.70695969999997,216.996337,W 20 St & 11 Ave,510.08641423597163,532.0463872788221
77,3643,40.75272201,-73.98123622,21.27106227,20.42124542,E 41 St & 5 Ave,450.941852571584,445.7227851702201
78,486,40.7462009,-73.98855723,155.09523810000005,154.6923077,Broadway & W 29 St,947.273364643411,946.7458554476387
79,257,40.71939226,-74.00247214,90.61538462,92.48351648,Lispenard St & Broadway,401.1441957921565,408.0474646889038
80,540,40.74311555,-73.98215353,133.7985348,134.23809519999998,Lexington Ave & E 29 St,656.1658995733915,656.814751490236
81,3002,40.711512,-74.01575600000002,223.047619,223.88278390000002,South End Ave & Liberty St,448.9264943273343,451.06391099033476
82,517,40.751581,-73.97791,143.1025641,137.10989009999997,Pershing Square South,827.9868359879845,807.4634324653762
83,368,40.73038599,-74.00214988,228.5384615,233.47985350000002,Carmine St & 6 Ave,964.6541404653912,984.8788065725205
84,3331,40.8013434,-73.97114574,41.47252747,40.34432234,Riverside Dr & W 104 St,96.23469120308084,91.01652468692096
85,3462,40.75118387,-73.97138715,57.59340659,57.78021978,E 44 St & 2 Ave,368.38763628236853,369.4440969669039
86,3641,40.74286877,-73.98918629,203.7106227,203.9194139,Broadway & W 25 St,950.1257457430876,953.8745090583036
87,530,40.771522,-73.99054100000002,126.0512821,124.6996337,11 Ave & W 59 St,337.5146287463584,333.9678967126493
88,164,40.75323098,-73.97032517,80.00732601,79.93040293,E 47 St & 2 Ave,477.90049327112416,478.4384745932793
89,3231,40.767800799999996,-73.96592081,23.27472527,23.08058608,E 67 St & Park Ave,139.28640400309635,138.2283086246745
90,362,40.75172632,-73.98753523,64.80586081,64.05860806,Broadway & W 37 St,640.6776197829075,639.0049989807434
91,3142,40.761227399999996,-73.96094022,112.72161170000001,112.93772890000001,1 Ave & E 62 St,325.3247344088142,326.0071189101846
92,267,40.75097711,-73.98765428,111.8644689,110.11721609999998,Broadway & W 36 St,839.4563997069052,835.1111249720462
93,435,40.74173969,-73.99415556,296.3150183,300.72893769999996,W 21 St & 6 Ave,1075.0816173397084,1091.6694543104095
94,3320,40.79406661,-73.96286845,59.53479853,56.65934066,Central Park West & W 100 St,243.11563779180693,225.98492812861969
95,284,40.73901691,-74.00263761,50.31135531,51.35897436,Greenwich Ave & 8 Ave,570.4327951829874,581.1997728338301
96,423,40.76584941,-73.98690506,93.32234432,93.43956044,W 54 St & 9 Ave,485.26007345955713,484.630516704943
97,297,40.734232,-73.986923,148.53479850000005,148.4871795,E 15 St & 3 Ave,789.7511388785816,792.0218531886406
98,533,40.75299641,-73.98721619,104.4945055,103.5054945,Broadway & W 38 St,619.1592107110646,615.6804656546378
99,524,40.75527307,-73.98316936,119.6300366,120.34798529999999,W 43 St & 6 Ave,541.2619303411653,543.3540615143796
100,441,40.756014,-73.967416,87.28937729,87.3003663,E 52 St & 2 Ave,509.00582480431956,509.5780857281798
101,3256,40.72771408,-74.01129574,163.4945055,165.007326,Pier 40 - Hudson River Park,344.12609876255067,348.13139373194895
102,3160,40.77896784,-73.97374737,101.3406593,93.72527473,Central Park West & W 76 St,251.45411885103465,228.88060213465099
103,305,40.76095756,-73.96724467,113.42857140000001,113.60805859999999,E 58 St & 3 Ave,562.9418354465666,563.9512406035459
104,485,40.75038009,-73.98338988,87.20512821,86.61538462,W 37 St & 5 Ave,331.3080920731516,329.1850115288169
105,3314,40.7937704,-73.971888,71.56410256,69.38095238,W 95 St & Broadway,260.2894069900528,251.23094536756582
106,3316,40.798993700000004,-73.96621738,17.08791209,13.94139194,W 104 St & Amsterdam Ave,110.84096995084994,94.87100866683866
107,3155,40.76440023,-73.96648977,60.17216117,60.47619048,Lexington Ave & E 63 St,234.79209637981967,235.52823394832853
108,2008,40.70569254,-74.01677685,146.8498168,147.2564103,Little West St & 1 Pl,372.1236871155757,379.0163829888473
109,146,40.71625008,-74.0091059,79.61172161,80.39926740000001,Hudson St & Reade St,646.2711108246714,655.9381862589031
110,336,40.73047747,-73.99906065,145.1794872,149.71428569999995,Sullivan St & Washington Sq,830.9497019119149,852.6234592892542
111,495,40.76269882,-73.99301222,114.8351648,115.2893773,W 47 St & 10 Ave,489.18838304680344,490.5161777326157
112,405,40.739323,-74.008119,171.6227106,171.53479850000005,Washington St & Gansevoort St,706.5713359821294,712.2692970566429
113,494,40.74734825,-73.99723551,160.88278390000005,161.5091575,W 26 St & 8 Ave,704.2192906418042,707.2939062628217
114,536,40.74144387,-73.97536082,121.20512820000002,121.45054950000001,1 Ave & E 30 St,600.805268169707,600.6907990103156
115,3223,40.75899656,-73.96865398,102.040293,102.51282049999999,E 55 St & 3 Ave,589.7027036159077,591.9547679367414
116,3533,40.8114323,-73.95187759999997,25.02930403,25.91208791,St. Nicholas Ave & W 126 St,106.94073072153141,110.79033669650678
117,248,40.72185379,-74.00771779,33.67032967,33.94871795,Laight St & Hudson St,303.40499861860815,310.48835398651613
118,3461,40.71485151,-74.01122332,95.79120879,99.18315018,Murray St & Greenwich St,725.0313988278866,747.9995495450985
119,508,40.76341379,-73.99667444,109.46520149999999,110.1941392,W 46 St & 11 Ave,285.96029122834454,287.88978864221576
120,3372,40.7689738,-73.95482273,67.4029304,68.04761905,E 74 St & 1 Ave,323.3318334153456,326.2101559650106
121,302,40.72082834,-73.97793172,61.55677656,62.12820513,Avenue D & E 3 St,346.7573555473025,350.98090676404064
122,3360,40.7829391,-73.9786517,83.94871795,81.01831502,Amsterdam Ave & W 79 St,367.72169445905564,343.7246067091208
123,440,40.75255434,-73.97282625,85.90842491,86.23443223,E 45 St & 3 Ave,476.6883289599732,476.9035346847327
124,3263,40.72951496,-73.9907527,201.4212454,203.4761905,Cooper Square & Astor Pl,1247.123281159816,1262.9903384695074
125,3434,40.79025417,-73.9771834,30.39194139,29.08791209,W 88 St & West End Ave,158.23594374207227,147.42632643594834
126,161,40.72917025,-73.99810231,91.85714286,93.89010989,LaGuardia Pl & W 3 St,640.5247647777643,654.4631675971893
127,3431,40.746524,-73.977885,84.34432234,84.60805861,E 35 St & 3 Ave,433.2999194502621,433.5042194255111
128,470,40.74345335,-74.00004031,85.93040293,86.91208791,W 20 St & 8 Ave,691.9372895692027,698.9863196804263
129,3176,40.77452835,-73.98753759,47.13186813,45.71794872,W 64 St & West End Ave,222.95603019117476,218.01300542724672
130,3140,40.77140426,-73.9535166,106.24175819999999,107.81684979999999,1 Ave & E 78 St,406.88138839809886,412.0700182977423
131,496,40.73726186,-73.99238967,158.2344322,163.3589744,E 16 St & 5 Ave,1096.95021820354,1127.4455689586234
132,3658,40.74353373,-74.00367558,75.51282051,76.42124542,W 18 St & 9 Ave,697.9101982556907,709.5970268726044
133,462,40.74691959,-74.00451887,179.27838830000005,181.5054945,W 22 St & 10 Ave,840.2727111831589,855.1109105553164
134,456,40.75971079999999,-73.97402311,102.4358974,108.2967033,E 53 St & Madison Ave,400.669888666109,415.8160604097129
135,3437,40.79313481,-73.97700369,36.33699634,35.16483516,Riverside Dr & W 91 St,127.90578904060868,124.23529213526467
136,537,40.74025878,-73.98409214,179.4249084,178.3919414,Lexington Ave & E 24 St,637.2181384572723,634.3284408984129
137,3235,40.75216528,-73.97992194,110.83882779999999,111.021978,E 41 St & Madison Ave,786.8302417647933,783.6035444090189
138,345,40.73649403,-73.99704374,115.1355311,115.51648349999999,W 13 St & 6 Ave,681.9400042059488,687.9671343000041
139,363,40.70834698,-74.01713445,111.1941392,112.24542120000001,West Thames St,334.40905025821877,336.72081310560446
140,518,40.74780373,-73.97344190000003,147.4542125,147.1831502,E 39 St & 2 Ave,413.7010446485432,413.31387952208553
141,253,40.73543934,-73.99453948,72.37728938,73.00732601,W 13 St & 5 Ave,691.4799973547704,701.0425929430212
142,3178,40.78414472,-73.98362492,47.55677656,46.2014652,Riverside Dr & W 78 St,137.41119682654767,132.5160580324963
143,509,40.7454973,-74.00197139,169.989011,172.3956044,9 Ave & W 22 St,888.9594499342627,901.1245798904171
144,3307,40.7941654,-73.974124,42.51282051,42.21978022,West End Ave & W 94 St,193.60738044725446,190.0114112095324
145,402,40.74034320000001,-73.98955109,294.5018315,301.018315,Broadway & E 22 St,1213.3783436974306,1237.3914294605618
146,394,40.72521311,-73.97768752,106.33333329999999,100.4249084,E 9 St & Avenue C,564.4671947772551,540.9026288450364
147,527,40.744023,-73.976056,80.23076923,80.05860806,E 33 St & 2 Ave,516.5687759307928,515.8349382528621
148,3366,40.8021174,-73.96818053,36.52747253,30.28571429,West End Ave & W 107 St,174.8319209757594,150.19638852140235
149,3162,40.78339981,-73.98093133,60.24542125,54.85347985,W 78 St & Broadway,272.00166461656295,253.41014165388867
150,3244,40.73143724,-73.99490342,119.1794872,120.05494509999998,University Pl & E 8 St,732.9589992561196,742.0837357527014
151,360,40.70717936,-74.00887308,57.93040293,57.91208791,William St & Pine St,551.4984939804227,553.9199476642069
152,3163,40.7734066,-73.97782542,154.3772894,139.4322344,Central Park West & W 68 St,368.605841113197,329.0380205722344
153,3547,40.8143256,-73.9590255,37.13553114,38.91575092,Broadway & Moylan Pl,86.7109095890998,90.87707799861167
154,303,40.72362738,-73.99949601,101.2600733,103.28205129999999,Mercer St & Spring St,557.5265265118403,567.8509555825814
155,223,40.73781509,-73.99994661,101.2197802,102.39194140000001,W 13 St & 7 Ave,715.4820527391427,724.3732505513974
156,167,40.7489006,-73.97604882,119.7032967,119.49450549999999,E 39 St & 3 Ave,613.7817716010743,610.5573313188409
157,387,40.71273266,-74.0046073,206.981685,205.6336996,Centre St & Chambers St,739.2702564160375,735.5856300363369
158,3659,40.74294892,-74.00413692,94.73626374,98.57875458,W 17 St & 9 Ave,778.2917387247567,803.5433616093878
159,268,40.71910537,-73.99973337,116.1904762,116.7032967,Howard St & Centre St,517.9992499733257,521.0958784217364
160,3143,40.77632142,-73.96427393,99.45421245,98.5970696,5 Ave & E 78 St,204.02202487049124,202.69016549713714
161,3158,40.77163851,-73.98261428,127.0732601,112.9267399,W 63 St & Broadway,445.97034008626036,410.22125799454545
162,3359,40.7691572,-73.96703464,32.20512821,32.12820513,E 68 St & Madison Ave,156.9542658198458,156.27104244706425
163,309,40.7149787,-74.013012,90.08424908,92.71062271,Murray St & West St,645.4806767896555,664.5356153116857
164,259,40.70122128,-74.01234218,90.68864469,91.8021978,South St & Whitehall St,383.36659210000795,392.17320761615855
165,393,40.72299208,-73.97995466,59.13919414,60.86813187,E 5 St & Avenue C,437.3860830185351,451.5029613455089
166,422,40.770513,-73.988038,82.82051282,81.70695971,W 59 St & 10 Ave,306.6059333614525,303.23202521474104
167,3161,40.78018397,-73.97728533,89.31135531,67.44322344,W 76 St & Columbus Ave,450.58719972120525,366.46508600281703
168,3145,40.77862688,-73.95772073,41.51282051,39.80586081,E 84 St & Park Ave,222.91532447730808,217.79461045779104
169,3508,40.809725,-73.953149,36.3992674,37.75457875,St Nicholas Ave & Manhattan Ave,118.8628633587949,123.23952789221586
170,249,40.71870987,-74.0090009,46.66666667,47.01098901,Harrison St & Hudson St,410.8039319058347,417.88736801589494
171,3166,40.78057799,-73.98562431,75.22344322,75.80586081,Riverside Dr & W 72 St,145.9277818551202,145.8590719592438
172,3542,40.8086249,-73.9596214,27.73626374,21.88278388,Amsterdam Ave & W 119 St,100.99974462166908,79.6268089300162
173,247,40.73535398,-74.00483091,74.41758242,74.82417582,Perry St & Bleecker St,572.6039774869223,578.0060162560055
174,503,40.73827428,-73.98751968,114.74358970000002,115.05494509999998,E 20 St & Park Ave,885.7767249850211,894.2349007818327
175,301,40.72217444,-73.98368779,109.5970696,120.57875459999998,E 2 St & Avenue B,672.3581678690539,717.7725865694713
176,513,40.768254,-73.988639,81.34798535,81.40659341,W 56 St & 10 Ave,398.0442117444062,397.3804987163878
177,3376,40.76471852,-73.9622207,39.45054945,39.58608059,E 65 St & 2 Ave,209.9966676405475,210.26622173569308
178,304,40.70463334,-74.01361706,129.06959709999998,145.0915751,Broadway & Battery Pl,565.194887651362,616.9608588864784
179,236,40.7284186,-73.98713956,143.6593407,150.32967030000003,St Marks Pl & 2 Ave,971.7373173503427,1001.6338459823377
180,3362,40.7781314,-73.96069399,53.57509158,53.48351648,Madison Ave & E 82 St,168.95267713946362,167.8918379255139
181,3129,40.75110165,-73.94073717,72.91941392,73.15018315,Queens Plaza North & Crescent St,242.29819471669714,243.10821368111223
182,3489,40.71069995,-74.00354147,36.21978022,36.47985348,Gold St & Frankfort St,352.1870659822993,353.63048359950847
183,3305,40.7811223,-73.94965589,68.89377289,70.10989011,E 91 St & 2 Ave,325.7824001589491,331.98588136040667
184,238,40.7361967,-74.00859207,70.53113553,71.27838828,Bank St & Washington St,390.79777112639545,394.2392496621132
185,355,40.71602118,-73.99974372,94.88644689,95.87912088,Bayard St & Baxter St,423.98895117558203,428.3591510234754
186,3472,40.74275383,-74.00747359,108.5677656,118.4615385,W 15 St & 10 Ave,564.7390767870208,599.5481691434152
187,3169,40.78720869,-73.98128127,52.02564103,51.27106227,Riverside Dr & W 82 St,118.1260851012166,113.49413471452365
188,3159,40.77492513,-73.98266566,118.2527473,108.8791209,W 67 St & Broadway,419.2812646182834,382.7883435331726
189,369,40.73224119,-74.00026394,88.29670329999998,88.95970696,Washington Pl & 6 Ave,718.4398750954144,728.5058930642052
190,453,40.74475148,-73.99915362,174.89377290000004,175.2234432,W 22 St & 8 Ave,859.4665657244988,862.8011042749494
191,281,40.764397100000004,-73.97371465,224.07692310000002,189.9450549,Grand Army Plaza & Central Park S,830.1169067348828,732.7445261826489
192,498,40.74854862,-73.98808416,160.47252749999996,158.1135531,Broadway & W 32 St,1149.5654413553018,1143.1903555528781
193,3375,40.7699426,-73.96060712,29.20879121,29.23443223,3 Ave & E 72 St,189.62910226615074,188.5994080674993
194,3539,40.8067581,-73.9607082,39.43589744,28.11355311,W 116 St & Amsterdam Ave,111.65500933896865,81.85632632465179
195,3164,40.7770575,-73.97898475,187.8864469,138.040293,Columbus Ave & W 72 St,821.6929049434639,647.8867282669039
196,3134,40.76312584,-73.96526895,52.01831502,52.03663004,3 Ave & E 62 St,220.99166012977543,221.3044602374667
197,472,40.74571210000001,-73.98194829,165.24542119999995,164.8681319,E 32 St & Park Ave,703.9660879671842,703.126202410062
198,3226,40.78275,-73.97137,82.06593407,66.84981685,W 82 St & Central Park West,263.3131956189568,226.28308766268407
199,3536,40.8082,-73.9641,36.61172161,27.50915751,W 116 St & Broadway,129.7892289413636,98.63201972771868
200,3171,40.78524672,-73.97667321,80.63003663,77.12087912,Amsterdam Ave & W 82 St,304.0523644245652,283.7353479030926
201,3656,40.72307749,-73.98583621,105.3699634,106.3809524,E 2 St & Avenue A,561.2025022300035,567.4107203817016
202,3664,40.72019521,-74.01030064,107.49450549999999,112.2747253,North Moore St & Greenwich St,509.8069389130084,529.023877916398
203,2010,40.72165481,-74.00234737,97.05860806,98.17216117,Grand St & Greene St,483.1714613102309,492.8454704030462
204,276,40.71748752,-74.0104554,60.08424908,60.62271062,Duane St & Greenwich St,598.4297634738375,613.05687822329
205,3427,40.72430527,-73.99600983,166.5970696,168.06959709999995,Lafayette St & Jersey St,809.0014996860831,818.0881144722653
206,417,40.71291224,-74.01020234,131.22710619999998,132.0586081,Barclay St & Church St,725.1749846674479,731.5934272954994
207,293,40.73020661,-73.99102628,228.00732599999998,230.7912088,Lafayette St & E 8 St,1299.7207684065777,1316.5510962211688
208,251,40.72317958,-73.99480012,147.9413919,149.4395604,Mott St & Prince St,785.7148544413042,794.0332842417953
209,327,40.715337899999994,-74.01658354,186.5531136,187.32234430000003,Vesey Pl & River Terrace,437.8797531589136,443.0196793973597
210,386,40.71494807,-74.00234482,72.04029304,72.32967033,Centre St & Worth St,388.39340039513905,389.62117180934234
211,312,40.722055,-73.989111,143.0879121,143.5897436,Allen St & Stanton St,842.5859957305763,847.3267653881653
212,483,40.73223272,-73.98889957,154.11721609999995,155.1391941,E 12 St & 3 Ave,1189.6172597808818,1198.710596194136
213,319,40.711065999999995,-74.009447,118.0695971,118.4249084,Fulton St & Broadway,659.0864018383755,661.7998697147332
214,285,40.73454567,-73.99074142,260.1978022,260.12087909999997,Broadway & E 14 St,1658.9965460272988,1669.6022992565454
215,3632,40.72804857,-73.9788115,116.72161170000001,115.97069599999999,E 12 St & Avenue B,478.59782847545745,482.178548772902
216,350,40.71559509,-73.9870295,85.22710623,85.38827839,Clinton St & Grand St,394.37732559193387,393.48444481216353
217,335,40.72903917,-73.99404649,107.66666670000001,111.55677659999998,Washington Pl & Broadway,770.6668443464669,791.059976152008
218,357,40.73261787,-73.99158043,67.27106227,67.12454212,E 11 St & Broadway,895.0728960873114,901.6793085219418
219,346,40.73652889,-74.00618026,106.33333329999999,107.2600733,Bank St & Hudson St,731.1518384067697,738.6034752543637
220,321,40.69991755,-73.98971773,68.83150183,68.40659341,Cadman Plaza E & Red Cross Pl,355.7467588908377,357.58483778130255
221,229,40.72743423,-73.99379025,211.029304,217.5164835,Great Jones St,1060.7749666404916,1088.7472588189282
222,330,40.71450451,-74.00562789,70.25641026,70.37728938,Reade St & Broadway,418.12275883361656,418.5223446558271
223,401,40.72019576,-73.98997825,135.5750916,135.0,Allen St & Rivington St,727.8221093659113,728.1594897819272
224,168,40.73971301,-73.99456405,199.5604396,206.49816850000002,W 18 St & 6 Ave,756.1777742593919,777.5791713622223
225,152,40.71473993,-74.00910627,12.40659341,12.65567766,Warren St & Church St,344.25354977920097,349.42215828153746
226,415,40.7047177,-74.00926027,68.24542125,68.82051282,Pearl St & Hanover Square,514.4111432376801,521.5791051378295
227,311,40.7172274,-73.98802084,88.27472527,89.06593407,Norfolk St & Broome St,408.2265237761669,410.23468862527034
228,438,40.72779126,-73.98564945,140.6813187,144.9267399,St Marks Pl & 1 Ave,852.9796109642971,871.0273404943691
229,307,40.71427487,-73.98990025,142.959707,142.4835165,Canal St & Rutgers St,689.2413457948234,688.7140581062315
230,408,40.71076228,-73.99400398,49.52380952,50.19047619,Market St & Cherry St,196.56094104586504,198.88331569680278
231,308,40.71307916,-73.99851193,64.40659341,64.95238095,St James Pl & Oliver St,321.42965631035355,325.2848303105786
232,403,40.72502876,-73.99069656,142.22710619999995,144.66666669999995,E 2 St & 2 Ave,802.7304759061516,815.8710505849255
233,195,40.70905623,-74.01043382,109.4175824,109.5677656,Liberty St & Broadway,522.6925326360056,524.0736568669294
234,317,40.72453734,-73.98185424,105.81684979999999,109.0805861,E 6 St & Avenue B,644.0351906971036,667.6574226875075
235,439,40.726280700000004,-73.98978041,78.98168498,79.5970696,E 4 St & 2 Ave,621.1114780342614,630.0339414236241
236,3467,40.72494672,-74.00165856,95.87545788,101.4798535,W Broadway & Spring Street,505.86669997851305,527.2680483558207
237,79,40.71911552,-74.00666661,76.27106227,77.17582418,Franklin St & W Broadway,449.2554527534702,456.9331519729327
238,3389,40.6830456,-74.00348559,27.62271062,29.02197802,Carroll St & Columbia St,77.3855966823545,80.7938617973375
239,3080,40.70934000000001,-73.95608,28.87545788,28.56410256,S 4 St & Rodney St,96.02868186486813,94.36924892032451
240,296,40.71413089,-73.99704679999998,93.4981685,95.87179487,Division St & Bowery,449.2509612208209,457.9502359997526
241,3474,40.72525570000001,-74.00412083,107.50549450000001,109.8205128,6 Ave & Spring St,472.40353165541256,485.9205975970321
242,532,40.710451,-73.960876,108.4395604,99.16849817,S 5 Pl & S 5 St,350.88766299268855,322.1600243750654
243,376,40.70862144,-74.00722156,63.17216117,63.49816850000001,John St & William St,557.8002311077169,560.8477594259647
244,128,40.72710258,-74.00297088,171.43589740000004,175.4761905,MacDougal St & Prince St,634.0530387636943,650.1081135550368
245,151,40.72210379,-73.99724901,202.66666669999998,203.3736264,Cleveland Pl & Spring St,865.1898392424404,869.5479603167818
246,534,40.70255065,-74.0127234,58.71428571,59.17948718,Water - Whitehall Plaza,364.5054870291319,375.2453393965952
247,3258,40.75018156,-74.00218427,146.4395604,147.45054950000005,W 27 St & 10 Ave,620.6531088746543,629.4830116662276
248,150,40.720873600000004,-73.98085795,79.996337,89.77289377,E 2 St & Avenue C,507.37565329078643,550.5068579412188
249,252,40.73226398,-73.99852205,97.06227106,98.29304029,MacDougal St & Washington Sq,743.563412256958,754.5774065686819
250,351,40.70530954,-74.00612572,73.64468864,75.05128205,Front St & Maiden Ln,546.1102924160984,554.7960908243369
251,3411,40.6849668,-73.98620772,36.37362637,36.76556777,Bond St & Bergen St,150.54329476054772,152.65980562138031
252,306,40.70823502,-74.00530063,54.78754579,54.93040293,Cliff St & Fulton St_1,451.0767232488555,453.7754571786024
253,3298,40.686371,-73.99383324,33.96703297,34.47985348,Warren St & Court St,212.98629349886232,217.46402245469957
254,433,40.72955361,-73.98057249,148.3626374,138.1868132,E 13 St & Avenue A,698.5594432064618,683.6792158101741
255,412,40.71581550000001,-73.99422366,119.96337,120.989011,Forsyth St & Canal St,614.8213476002404,618.9928982334038
256,432,40.72621788,-73.98379855,178.4871795,165.043956,E 7 St & Avenue A,947.0375994475437,918.6485712319609
257,502,40.714215,-73.981346,89.34432234,89.82783883,Henry St & Grand St,315.0149867710414,307.62334349373845
258,3076,40.70870368,-73.9448625,33.44688645,33.66666667,Scholes St & Manhattan Ave,114.36693086684306,115.15830310973341
259,3077,40.70877084,-73.95095259,36.64835165,36.31501832,Stagg St & Union Ave,107.29563901187177,106.56697544362005
260,265,40.72229346,-73.99147535,130.96337,133.1575092,Stanton St & Chrystie St,824.7642874151936,835.2836323791564
261,3100,40.72481256,-73.94752622,37.55677656,37.90842491,Nassau Ave & Newell St,139.27570892479045,140.09794257035492
262,315,40.70355377,-74.00670227,139.87545790000001,141.8241758,South St & Gouverneur Ln,532.5814233277105,540.2694738890971
263,2003,40.73381219,-73.98054421,132.77289380000002,132.77289380000002,1 Ave & E 18 St,550.1900239692905,550.668791820124
264,310,40.68926942,-73.98912867,49.22710623,50.76556777,State St & Smith St,303.53485040613526,310.58738267167223
265,254,40.73532427,-73.99800419,90.91575092,91.26373626,W 11 St & 6 Ave,645.0559042289475,650.2954930239272
266,481,40.71260486,-73.96264403,63.51648352,57.81318681,S 3 St & Bedford Ave,345.7677736239215,325.08729946524403
267,320,40.717571,-74.005549,67.58974359,67.99267399,Leonard St & Church St,366.76600500968175,369.74312640997744
268,461,40.73587678,-73.98205027,135.20146519999997,135.2600733,E 20 St & 2 Ave,569.6853634780765,570.7958227209256
269,295,40.71406667,-73.99293911,73.58608059,73.83882784,Pike St & E Broadway,487.84347885975984,490.17676736825626
270,410,40.72066442,-73.98517977,130.6446886,131.3296703,Suffolk St & Stanton St,586.6701665817062,595.5220196164742
271,531,40.71893904,-73.99266288,138.46520149999998,137.992674,Forsyth St & Broome St,792.8811089742885,793.0171254614581
272,279,40.707873,-74.00166999999998,95.42490842,97.52380952,Peck Slip & Front St,253.87173750451043,258.8830926111613
273,3260,40.72706363,-73.99662137,155.23076919999997,158.6996337,Mercer St & Bleecker St,859.2836048617992,878.3121167040267
274,356,40.71622644,-73.98261206,57.63003663,40.18681319,Bialystoker Pl & Delancey St,306.7116387610936,251.8136505158063
275,325,40.73624527,-73.98473765,99.20512821,98.97435897,E 19 St & 3 Ave,517.6969943763334,517.0302139753333
276,264,40.70706456,-74.00731853,63.01831502,64.40659341,Maiden Ln & Pearl St,611.2248562401589,620.6728891831328
277,260,40.70365182,-74.01167797,33.9010989,34.35164835,Broad St & Bridge St,352.8801523092885,364.3401032588015
278,3106,40.72325,-73.94308000000002,39.98901099,39.60805861,Driggs Ave & N Henry St,99.82339487232936,99.15894989191281
279,82,40.71117416,-74.00016545,29.07692308,29.79120879,St James Pl & Pearl St,208.86433768591078,212.33406878784615
280,280,40.73331967,-73.99510132,68.32967033,69.13919414,E 10 St & 5 Ave,567.948462783841,574.8342306250056
281,407,40.700469,-73.991454,30.46153846,28.52747253,Henry St & Poplar St,245.0094217100207,242.5747614179384
282,331,40.71173107,-73.99193043,50.24908425,50.6007326,Pike St & Monroe St,275.8504199179221,277.2796692293923
283,3440,40.69241829,-73.98949474,79.23076923,78.6996337,Fulton St & Adams St,483.27549465424784,479.2833787864756
284,3282,40.78307,-73.95939,135.1428571,136.14652009999998,5 Ave & E 88 St,276.5172147656757,278.21079561405475
285,3321,40.683116399999996,-73.99785267,30.45421245,30.197802199999998,Clinton St & Union St,178.91302548558414,178.63303237817377
286,539,40.71534825,-73.96024116,119.62271059999999,124.2820513,Metropolitan Ave & Bedford Ave,492.16931483157185,507.93069617063026
287,322,40.696191999999996,-73.991218,41.71794872,40.31868132,Clinton St & Tillary St,264.6288394280491,248.40045034750776
288,427,40.701907,-74.013942,72.97802198,74.27472527,Bus Slip & State St,367.0540834314653,378.8962006896035
289,3110,40.72708584,-73.95299117,56.52380952,56.74725275,Meserole Ave & Manhattan Ave,175.69987264093268,176.6984884072562
290,242,40.697787,-73.973736,32.46153846,35.47619048,Carlton Ave & Flushing Ave,139.18535267049452,150.30814862444305
291,497,40.73704984,-73.99009296,302.18681319999996,313.78021980000005,E 17 St & Broadway,1691.1295963083091,1743.49636907224
292,361,40.71605866,-73.99190759,123.985348,124.8131868,Allen St & Hester St,663.7016695833088,666.7241775171551
293,3329,40.6829151,-73.99318208,32.3040293,32.82051282,Degraw St & Smith St,165.21660721492606,168.10745962594672
294,326,40.72953837,-73.98426726,128.87545790000001,130.0842491,E 11 St & 1 Ave,837.4506953992213,848.9999311686536
295,3412,40.6853761,-73.98302136,28.12820513,28.13186813,Pacific St & Nevins St,167.36171382729705,171.82848280600575
296,339,40.72580614,-73.97422494,39.99267399,30.37728938,Avenue D & E 12 St,158.16577276852453,130.75724202780165
297,3043,40.6814598,-73.934903,9.761904762,9.765567766,Lewis Ave & Decatur St,23.17624632182895,23.232451735731846
298,316,40.70955958,-74.00653609,61.68498168,61.71062271,Fulton St & William St,554.3924017233868,555.5173804070791
299,460,40.71285887,-73.96590294,108.51648349999999,108.7728938,S 4 St & Wythe Ave,268.07652933041066,264.81908725831335
300,340,40.71269042,-73.98776323,56.5970696,56.86446886,Madison St & Clinton St,282.76553560549985,283.4684254482401
301,473,40.72110063,-73.99192540000001,76.62637363,78.21611722,Rivington St & Chrystie St,596.5692672670175,603.5710170013967
302,3311,40.68763155,-74.0016256,29.23443223,30.40659341,Columbia St & Kane St,91.16081951734797,95.14497990863774
303,3409,40.686744299999994,-73.99063168,97.05860806,102.33333329999999,Bergen St & Smith St,410.47158714299695,429.78495792006953
304,445,40.72740794,-73.98142006,166.80952380000005,194.46520149999998,E 10 St & Avenue A,909.776330632835,996.4594621633025
305,337,40.70379920000001,-74.00838676,52.16849817,53.38095238,Old Slip & Front St,390.44389100610783,397.4547813284048
306,291,40.713126,-73.984844,46.75824176,46.84615385,Madison St & Montgomery St,217.28490644899603,213.74640787362884
307,314,40.69383,-73.990539,55.97802198,50.67032967,Cadman Plaza West & Montague St,386.84956060058494,364.25461896157856
308,342,40.71739973,-73.98016555,54.58974359,53.61538462,Columbia St & Rivington St,310.8977878953181,302.91512845982766
309,237,40.73047309,-73.98672378,150.32234430000003,151.64835159999996,E 11 St & 2 Ave,870.3955764297125,881.6643809866591
310,341,40.71782143,-73.97628939,44.85714286,45.16117216,Stanton St & Mangin St,110.50303005997934,110.95821591870626
311,332,40.71219906,-73.97948148,51.48717949,51.26373626,Cherry St,113.56831233031963,113.45951420736225
312,400,40.71926081,-73.98178024,26.61904762,26.45787546,Pitt St & Stanton St,302.1510186588154,302.8351090065451
313,391,40.69760127,-73.99344559,80.66666667,61.84249084,Clark St & Henry St,331.6960635675581,269.8216605332985
314,3078,40.70924826,-73.96063149,46.29304029,43.904761900000004,Broadway & Roebling St,196.06866713444978,182.6281833519664
315,232,40.69597683,-73.99014892,42.31135531,41.13553114,Cadman Plaza E & Tillary St,272.0846295813016,260.725203332862
316,501,40.744219,-73.97121214,126.32600729999999,127.5934066,FDR Drive & E 35 St,245.9962876222028,247.99418027003165
317,3455,40.68680821,-73.98036182,13.17216117,13.67032967,Schermerhorn St & 3 Ave,208.69912985399196,231.6274311671341
318,334,40.74238787,-73.99726235,120.46520149999999,121.00366299999999,W 20 St & 7 Ave,807.0620663836119,813.9807805121744
319,174,40.7381765,-73.97738662,101.4652015,101.42857140000001,E 25 St & 1 Ave,496.8150029074607,495.8504345181659
320,3300,40.66514682,-73.97637606,34.22344322,33.33699634,Prospect Park West & 8 St,51.530109445016116,49.12561503202689
321,3414,40.68094472,-73.97567332,39.13186813,39.21245421,Bergen St & Flatbush Ave,190.74180230042924,192.56425585297268
322,3581,40.674012299999994,-73.9671457,30.36996337,29.04029304,Underhill Ave & Lincoln Pl,124.44736720776753,116.79010013295387
323,3413,40.6827549,-73.98258555,26.43589744,26.89010989,Wyckoff St & 3 Ave,130.80074237584378,133.3529738321824
324,3242,40.69102926,-73.99183363,42.42857143,41.95238095,Schermerhorn St & Court St,312.64912488045655,310.2979445297492
325,262,40.6917823,-73.97372990000002,35.29304029,29.68864469,Washington Park,151.25689545279153,133.69996656670244
326,3558,40.6794388,-73.96804379999998,36.74725275,36.23809524,Bergen St & Vanderbilt Ave,142.72608225174392,139.9698599745354
327,270,40.69308257,-73.97178913,51.76556777,51.12820513,Adelphi St & Myrtle Ave,218.34058358047892,212.16540710902382
328,3046,40.682601,-73.938037,14.63003663,14.82783883,Marcus Garvey Blvd & Macon St,43.09565818648976,43.4414082346995
329,3317,40.6686273,-73.98700053,18.17582418,18.23809524,10 St & 5 Ave,122.91325852366181,124.57912671887809
330,3371,40.67461342,-73.98501143,17.05128205,18.37362637,4 Ave & 2 St,107.21847581334491,114.42688713827724
331,244,40.69196035,-73.96536851,44.395604399999996,40.45421245,Willoughby Ave & Hall St,141.45038397402357,127.47262874674061
332,3050,40.6851532,-73.94111,18.93406593,18.73260073,Putnam Ave & Throop Ave,45.25981008007982,44.84663104543975
333,3417,40.6795766,-73.97854971,40.46520147,41.97069597,Baltic St & 5 Ave,191.8201364457603,197.58239375762042
334,120,40.68676793,-73.95928168,29.85714286,27.53846154,Lexington Ave & Classon Ave,100.37693690268708,91.10106499886376
335,3637,40.68323865,-73.96599591,39.86080586,39.75824176,Fulton St & Waverly Ave,147.24106807978723,143.81440079043298
336,365,40.68223166,-73.9614583,31.98168498,28.85347985,Fulton St & Grand Ave,105.31401902533364,95.69003981595381
337,3549,40.678045000000004,-73.962408,25.91575092,25.25641026,Grand Ave & Bergen St,100.20004094811301,97.32364259574742
338,3397,40.6763947,-73.99869893,23.84615385,24.47985348,Court St & Nelson St,110.16302994854406,112.504963801469
339,3364,40.6751622,-73.9814832,34.81318681,35.97802198,Carroll St & 5 Ave,176.24894787910705,183.08866112886608
340,3398,40.67469570000001,-73.99785768,31.68498168,32.35897436,Smith St & 9 St,93.48314277001478,95.48597276026308
341,3419,40.67927879999999,-73.98154004,32.51282051,34.76923077,Douglass St & 4 Ave,167.14314632068334,177.51836460314394
342,3365,40.67038370000001,-73.97839676,38.67765568,37.32600733,3 St & 7 Ave,119.22649023209831,114.83816185393694
343,390,40.69221589,-73.9842844,47.06227106,46.85347985,Duffield St & Willoughby St,299.8914251627498,307.0640738641464
344,3537,40.68097410000001,-73.97100970000002,26.17948718,26.00732601,Carlton Ave & Dean St,78.97368776864704,77.32614838535494
345,3049,40.68488,-73.96304,21.42490842,21.48351648,Cambridge Pl & Gates Ave,115.02570683310711,108.24699739734469
346,274,40.68691865,-73.976682,52.09157509,54.58241758,Lafayette Ave & Fort Greene Pl,347.4994687614369,361.4921784626142
347,3349,40.6729679,-73.97087984,64.16483516,56.94871795,Grand Army Plaza & Plaza St West,174.4478694202977,154.2723893042237
348,3054,40.6894932,-73.942061,15.74358974,15.6043956,Greene Ave & Throop Ave,36.38640102299131,36.046298717956994
349,3339,40.6765304,-73.97846879,25.82051282,26.38461538,Berkeley Pl & 6 Ave,151.48810557923807,154.97859030517378
350,3407,40.679097999999996,-73.98765475,32.5970696,34.76923077,Union St & Nevins St,101.36623985450912,107.36459698510147
351,3306,40.666207799999995,-73.98199886,27.57509158,25.42857143,10 St & 7 Ave,115.17606334406653,107.55419917679724
352,397,40.68415748,-73.96922273,22.197802199999998,18.49084249,Fulton St & Clermont Ave,85.75625686464602,75.19273507228247
353,420,40.68764484,-73.96968902,29.9010989,24.29304029,Clermont Ave & Lafayette Ave,124.51866585054904,102.24013961766563
354,3544,40.6804836,-73.9646795,24.6043956,24.06227106,Underhill Ave & Pacific St,117.81144376941737,114.93724465311357
355,3404,40.67049220000001,-73.98541675,23.7032967,23.996337,7 St & 5 Ave,140.61290364988236,142.95929402183737
356,354,40.69363137,-73.96223558,40.62271062,40.35164835,Emerson Pl & Myrtle Ave,73.34250496306105,71.75659340534347
357,3486,40.68841743,-73.98451656,58.45054945,59.28205128,Schermerhorn St & Bond St,279.41373259614124,294.35001201250316
358,3232,40.68962189,-73.98304269,59.59340659,69.15750916,Bond St & Fulton St,349.1242823885958,399.32311987564105
359,396,40.68034242,-73.95576894,23.71794872,20.55677656,Lefferts Pl & Franklin Ave,80.83233028709839,71.78285126287145
360,3576,40.6767,-73.969024,40.41025641,38.49450549,Park Pl & Vanderbilt Ave,188.1510994433398,176.19405798291632
361,364,40.68900443,-73.96023854,43.93040293,41.45421245,Lafayette Ave & Classon Ave,103.8598711619973,96.39764794913413
362,144,40.69839895,-73.98068914,24.31868132,27.46886447,Nassau St & Navy St,70.0296967154178,78.4422153231728
363,436,40.68216564,-73.95399026,20.13919414,17.49084249,Hancock St & Bedford Ave,76.22711014521646,67.80528221180126
364,353,40.68539567,-73.97431458,31.96336996,31.31868132,S Portland Ave & Hanson Pl,189.80678647794164,188.16121186691726
365,3044,40.6800105,-73.938475,6.402930402999999,6.2967032970000005,Albany Ave & Fulton St,28.278966442417946,28.16868264683973
366,258,40.68940747,-73.96885458,52.93772894,41.695970700000004,DeKalb Ave & Vanderbilt Ave,174.81019498489928,142.47446473451754
367,3373,40.675070500000004,-73.98775226,37.3992674,40.76923077,3 St & 3 Ave,109.90329239841851,119.0063573230069
368,3418,40.67502070000001,-73.97111473,54.79120879,44.87545788,Plaza St West & Flatbush Ave,215.07261957656203,184.7968604606434
369,421,40.69573398,-73.97129668,20.1025641,18.25641026,Clermont Ave & Park Ave,182.81409504079633,180.39243745527844
370,399,40.68851534,-73.9647628,44.38827839,29.38095238,Lafayette Ave & St James Pl,141.40198852919372,103.37056623314228
371,3405,40.670483600000004,-73.98208968,18.63369963,18.45421245,5 St & 6 Ave,125.83680575859515,124.40168276386815
372,282,40.70764494,-73.96841526,48.53113553,48.80952381,Kent Ave & S 11 St,87.28675590094569,86.98422774256113
373,3384,40.67872420000001,-73.99599099,30.71794872,30.62271062,Smith St & 3 St,141.15225037384573,141.76982535834705
374,3582,40.672168299999996,-73.9609,11.12454212,9.824175824,Lincoln Pl & Classon Ave,70.40175813572604,65.11198226163711
375,3571,40.676368,-73.95291800000003,24.04029304,23.83882784,Bedford Ave & Bergen St,76.53548981627645,75.73493774419869
376,3368,40.67281550000001,-73.98352355,42.75457875,43.94139194,5 Ave & 3 St,174.9288949299056,180.05103234503326
377,3401,40.6724811,-73.99331394,12.03663004,12.56043956,2 Ave & 9 St,42.40307315412073,44.526701772330966
378,3415,40.6793307,-73.97519523,29.89377289,30.0952381,Prospect Pl & 6 Ave,147.2490534656612,148.43140575063595
379,3420,40.6802133,-73.98432695,38.05494505,40.24542125,Douglass St & 3 Ave,140.39259866001987,148.9682684019539
380,3562,40.676519799999994,-73.9596082,29.34432234,28.76190476,Classon Ave & St Marks Ave,109.4498695751758,107.04289700615806
381,3546,40.67919439999999,-73.95879029999998,9.029304029,8.553113553,Pacific St & Classon Ave,66.17159362713178,62.70816840825378
382,3346,40.67514684,-73.97523209,50.43223443,50.50915751,Berkeley Pl & 7 Ave,186.53226697083323,184.39201899970095
383,344,40.6851443,-73.95380904,31.66300366,29.6996337,Monroe St & Bedford Ave,65.56108074625685,61.10091078229061
384,3580,40.6737236,-73.9631611,25.02930403,23.84981685,St Johns Pl & Washington Ave,93.45534472074056,88.50589572613801
385,3361,40.6740886,-73.9787282,33.6007326,33.61904762,Carroll St & 6 Ave,139.74299967929815,140.1470429214698
386,416,40.68753406,-73.97265183,42.20879121,37.51282051,Cumberland St & Lafayette Ave,177.08130555952192,158.95217838938936
387,289,40.684568299999995,-73.95881081,24.33333333,17.80586081,Monroe St & Classon Ave,78.25120973367227,63.06703659575757
388,83,40.68382604,-73.97632328,45.69963370000001,48.57142857,Atlantic Ave & Fort Greene Pl,298.2047108886864,308.63062177786287
389,275,40.68650065,-73.96563307,29.87179487,25.97435897,Washington Ave & Greene Ave,135.8132450192556,115.79889799471653
390,3421,40.6843549,-73.98901629,13.47252747,13.95970696,Hoyt St & Warren St,122.63339184883483,126.97991696363968
391,372,40.69454609,-73.95801365,19.49084249,19.31135531,Franklin Ave & Myrtle Ave,37.042462957590544,36.77011304653883
392,261,40.69474881,-73.98362464,39.34065934,39.60805861,Johnson St & Gold St,198.96288797262932,198.511693241756
393,3478,40.65708867,-74.00870204,22.76923077,26.21245421,2 Ave & 36 St - Citi Bike HQ at Industry City,47.953713585299525,55.55440789165378
394,3249,40.68035608,-73.9476791,19.94871795,19.96336996,Verona Pl & Fulton St,60.65592157389678,59.419549107529846
395,366,40.693261,-73.968896,62.40659341,62.7032967,Clinton Ave & Myrtle Ave,233.0436955743837,230.49917633588004
396,217,40.70277159,-73.99383605,93.56410256,112.39194140000001,Old Fulton St,204.59425095710736,238.30200834113003
397,419,40.69580705,-73.97355569,21.83150183,21.22344322,Carlton Ave & Park Ave,140.65167823597815,139.6808385092587
398,414,40.70281858,-73.98765762,55.08058608,62.43956044,Pearl St & Anchorage Pl,264.31080116327894,290.4937242274706
399,3382,40.680611,-73.99475825,53.0952381,54.04029304,Carroll St & Smith St,207.46387516823773,210.62864587772165
400,3423,40.66106337,-73.97945255,75.86446886,76.21978022,West Drive & Prospect Park West,75.86446886,76.21978022
401,3047,40.68236870000001,-73.944118,20.29304029,20.38095238,Halsey St & Tompkins Ave,46.46139074481978,46.48976387196741
402,324,40.689888,-73.981013,59.35531136,91.96703297,DeKalb Ave & Hudson Ave,333.28755621926996,458.8580981101011
403,239,40.69196566,-73.9813018,75.27472527,68.44688645,Willoughby St & Fleet St,311.61598557811755,312.91841516499005
404,3319,40.666287,-73.98895053,28.83150183,29.04761905,14 St & 5 Ave,90.80538350241162,92.06127400381312
405,243,40.688226,-73.979382,32.68864469,43.43223443,Fulton St & Rockwell Pl,249.9092715484024,307.26591365434695
406,3352,40.67267243,-74.00879525,9.124542125,10.68131868,Sigourney St & Columbia St,31.581304851824807,37.400975714038395
407,3601,40.6627059,-73.9569115,7.344322344,7.93040293,Sterling St & Bedford Ave,33.20522313652239,35.52354953254694
408,3354,40.668132,-73.97363831,50.79487179,43.65567766,3 St & Prospect Park West,93.81051154239096,81.98129184208733
409,3358,40.671197799999995,-73.97484126,27.56776557,25.54578755,Garfield Pl & 8 Ave,102.97456922685893,95.18372210166974
410,409,40.6906495,-73.95643107,25.47252747,24.34432234,DeKalb Ave & Skillman St,55.82579428386593,53.86368794187877
411,119,40.69608941,-73.97803415,8.956043956,10.51282051,Park Ave & St Edwards St,40.264757134838696,43.5822220288679
412,245,40.69327018,-73.97703874,21.2014652,18.23443223,Myrtle Ave & St Edwards St,75.13017592432014,66.83107507765467
413,3377,40.6786115,-73.99037292,29.22710623,29.65201465,Carroll St & Bond St,100.37595366285794,102.97931955969598
414,430,40.7014851,-73.98656928,11.06593407,11.60805861,York St & Jay St,163.26941670122318,173.4285423950195
415,3066,40.69957608,-73.94708417,14.47252747,14.85714286,Tompkins Ave & Hopkins St,35.09320107715684,36.305156012806805
416,313,40.69610226,-73.96751037,38.095238099999996,40.16849817,Washington Ave & Park Ave,139.9991095213288,147.07205990902412
417,3303,40.6849894,-73.99440329,25.08791209,25.41758242,Butler St & Court St,178.96744122824808,181.8722431393032
418,3569,40.6758324,-73.95616770000002,24.36630037,24.07326007,Franklin Ave & St Marks Ave,119.1230039679325,117.37582484280006
419,3429,40.68506807,-73.9779076,110.73260069999999,111.0,Hanson Pl & Ashland Pl,558.6298432949568,565.5647002870031
420,3402,40.6902375,-73.99203074,73.04029304,73.79120879,Court St & State St,425.83802726456094,429.3384917410145
421,3041,40.67890679,-73.94142771,16.38461538,16.43223443,Kingston Ave & Herkimer St,29.156920293688696,29.19691524024383
422,323,40.69236178,-73.98631746,64.61904762,64.08424908,Lawrence St & Willoughby St,317.4521821718047,317.87638091786357
423,3574,40.6769694,-73.96579,22.83516484,22.22710623,Prospect Pl & Underhill Ave,120.44644014817855,116.86661435920114
424,3315,40.684751399999996,-73.99917254,46.26739927,46.77289377,Henry St & Degraw St,220.80521005358952,223.4633010274771
425,3075,40.70708701,-73.95796783,9.406593407,8.710622711000001,Division Ave & Marcy Ave,61.65525079565091,58.238010256271096
426,3661,40.66643931,-73.96055639,5.230769231,5.344322344,Montgomery St & Franklin Ave,33.75123231398207,34.78423098388962
427,3304,40.668127,-73.98377641,32.03296703,31.34065934,6 Ave & 9 St,168.86703682794385,164.70142462163435
428,3453,40.71335226,-73.94910336,28.54212454,28.46153846,Devoe St & Lorimer St,136.56399653723608,135.9140665726875
429,3335,40.6772744,-73.98282002,33.80952381,37.63003663,Union St & 4 Ave,155.39596635830452,169.342210051209
430,3093,40.71745169,-73.95850939,108.1208791,113.1501832,N 6 St & Bedford Ave,523.2840516689272,544.8161656381315
431,3584,40.67077670000001,-73.9576801,35.27106227,34.71794872,Eastern Pkwy & Franklin Ave,117.65726175027912,115.59835326938754
432,3085,40.714690000000004,-73.95739,31.87545788,32.34432234,Roebling St & N 4 St,245.7428900177216,252.22429177368406
433,3083,40.71247661,-73.94100005,33.52747253,33.18681319,Bushwick Ave & Powers St,71.13207516129091,70.60633469753205
434,343,40.69794,-73.96986848,24.66666667,28.85714286,Clinton Ave & Flushing Ave,125.17849334334579,139.73652243747637
435,467,40.68312489,-73.97895137,69.62271062,68.80586081,Dean St & 4 Ave,354.0888903227412,353.975537563299
436,3663,40.67716489,-73.97382796,35.5018315,35.07326007,Sterling Pl & 7 Ave,156.84629340817943,152.6310470972159
437,3410,40.686444200000004,-73.98759104,27.8974359,28.5018315,Dean St & Hoyt St,184.13715934190236,189.31033693463888
438,406,40.69512845,-73.99595065,60.23076923,55.98534799,Hicks St & Montague St,177.8418490466528,163.9375187820446
439,157,40.69089272,-73.99612349,54.64468864,55.93772894,Henry St & Atlantic Ave,220.01824770477396,224.1944585158838
440,418,40.70224,-73.982578,35.64468864,39.29304029,Front St & Gold St,79.11780749123946,86.68540926536835
441,3322,40.668603000000004,-73.99043940000001,13.46886447,14.57142857,12 St & 4 Ave,82.24629155709992,87.90795294861749
442,3241,40.686203000000006,-73.944694,20.30769231,19.88644689,Monroe St & Tompkins Ave,44.24105298316414,43.50955981554526
443,3604,40.6630619,-73.95387459999998,11.80586081,12.38095238,Rogers Ave & Sterling St,24.630402483652944,25.976533160427202
444,2002,40.716887,-73.96319799999998,95.57142857,99.72893773,Wythe Ave & Metropolitan Ave,263.2892943717277,274.1942357924592
445,373,40.69331716,-73.95381995,14.56410256,16.07326007,Willoughby Ave & Walworth St,51.03047596018078,53.992213741641706
446,3297,40.66866270000001,-73.97988067,21.4029304,19.89377289,6 St & 7 Ave,98.2506490037786,92.77015400194043
447,3048,40.684020000000004,-73.94977,13.60805861,13.50915751,Putnam Ave & Nostrand Ave,53.09246412165874,51.28922847012062
448,241,40.68981035,-73.97493121,40.96703297,38.54212454,DeKalb Ave & S Portland Ave,170.11246851930233,160.26756777198673
449,392,40.695065,-73.987167,63.03296703,65.87912088,Jay St & Tech Pl,327.4994235310789,334.38115236974767
450,3579,40.672695000000004,-73.954131,19.38827839,19.26739927,Sterling Pl & Bedford Ave,72.57473423984398,71.91480838834929
451,3332,40.68199044,-73.99079025,21.02197802,21.35164835,Degraw St & Hoyt St,104.18844868446647,106.38164781295006
452,3648,40.69795032,-73.9707756,35.04029304,39.37728938,Flushing Ave & Vanderbilt Ave,164.0335638551628,180.4371932880752
453,3308,40.686175799999994,-73.99645295,34.33333333,34.71794872,Kane St & Clinton St,196.86983842618952,199.03924425064366
454,3121,40.74524768,-73.94733276,16.06959707,16.14652015,Jackson Ave & 46 Rd,66.66673662053165,67.06434744968625
455,3058,40.69237074,-73.93705428,16.6007326,16.15750916,Lewis Ave & Kosciuszko St,32.76959638708052,32.08384850747436
456,2000,40.70255088,-73.98940236,83.92307692,91.58608059,Front St & Washington St,391.6135737004032,422.69092961615314
457,3386,40.6809591,-73.99905709,25.76923077,25.49084249,1 Pl & Clinton St,147.9519373992133,147.42442077402518
458,2001,40.699773,-73.979927,8.73992674,10.15750916,Sands St & Navy St,40.351958427732676,45.9196210017175
459,3016,40.72036775,-73.96165073,119.0805861,127.967033,Kent Ave & N 7 St,336.10627968741977,357.9689037157725
460,3088,40.7160751,-73.95202900000002,19.71428571,19.83516484,Union Ave & Jackson St,127.91324050641978,128.14537995529383
461,278,40.69766564,-73.98476437,21.63736264,21.42124542,Concord St & Bridge St,95.9569727781931,97.41799865570573
462,3115,40.73232194,-73.9550858,41.56410256,42.5970696,India St & Manhattan Ave,159.76250546958,163.57676924992472
463,2005,40.70531194,-73.97100056,3.78021978,4.377289377,Railroad Ave & Kay Ave,20.277255696910018,21.15041181384482
464,437,40.68098339,-73.95004798,42.84249084,40.12820513,Macon St & Nostrand Ave,104.94384499536002,98.97341917611233
465,3599,40.66314000000001,-73.96056949999998,30.55677656,32.23809524,Franklin Ave & Empire Blvd,65.4734016292986,69.1554669768663
466,3578,40.67418060000001,-73.95649470000002,16.96336996,16.60805861,Park Pl & Franklin Ave,96.263609090584,94.62325597618535
467,3056,40.69072549,-73.95133465,15.6043956,15.21611722,Kosciuszko St & Nostrand Ave,50.112158143851126,49.327729195433776
468,3057,40.69128258,-73.9452416,19.33699634,19.23809524,Kosciuszko St & Tompkins Ave,55.320062429297856,54.90700448634491
469,3060,40.69425403,-73.94626915,14.52014652,14.71794872,Willoughby Ave & Tompkins Ave,48.870124659241434,49.26546642647506
470,3062,40.69539817,-73.94954908,17.30769231,17.74358974,Myrtle Ave & Marcy Ave,44.15131938519102,45.2230730889446
471,143,40.69239502,-73.99337909,63.72893773,63.67032967,Clinton St & Joralemon St,356.1651013998743,353.22256170147756
472,3067,40.7016657,-73.9437303,19.98901099,21.71428571,Broadway & Whipple St,59.62104579129327,64.02598354337692
473,3055,40.68833370000001,-73.950916,16.73626374,16.27838828,Greene Ave & Nostrand Ave,50.01339650200607,48.47549457229436
474,3107,40.72311651,-73.95212324,77.91575092,78.23443223,Bedford Ave & Nassau Ave,310.2557836544086,311.108611920324
475,389,40.71044554,-73.96525063,62.27838828,58.76556777,Broadway & Berry St,262.02320231515984,248.02041018498804
476,3053,40.6900815,-73.94791500000002,12.4029304,11.81684982,Marcy Ave & Lafayette Ave,46.30872409761121,44.76022044120218
477,3463,40.73536706,-73.98797393,104.3369963,104.61904759999999,E 16 St & Irving Pl,904.130939666333,911.9514977978131
478,3177,40.7867947,-73.977112,70.06593407,57.28571429,W 84 St & Broadway,284.2941938205897,245.11735590760387
479,3447,40.76703432,-73.9562273,26.12087912,26.21245421,E 71 St & 1 Ave,219.69139813847423,220.73444693093373
480,466,40.74395411,-73.99144871,152.7399267,154.047619,W 25 St & 6 Ave,784.2781197495744,790.4453730143931
481,474,40.7451677,-73.98683077,129.4615385,129.2783883,5 Ave & E 29 St,731.894138541473,730.7983757079974
482,545,40.736502,-73.97809472,146.6227106,147.2417582,E 23 St & 1 Ave,650.9677388469013,649.8908536493989
483,2012,40.739445,-73.97680600000002,95.21978022,93.89377289,E 27 St & 1 Ave,582.1920001960843,577.5592860404394
484,476,40.74394314,-73.97966069,122.0915751,121.72161170000001,E 31 St & 3 Ave,706.8410170429913,705.5161766013554
485,516,40.75206862,-73.96784384,49.65567766,50.16483516,E 47 St & 1 Ave,274.8887896389304,276.62760046951195
486,455,40.75001986,-73.96905301,83.08791209,83.47619048,1 Ave & E 44 St,286.2726793163968,287.50932386437205
487,3378,40.773763,-73.96222088,37.13186813,37.24908425,E 76 St & Park Ave,173.13330219313545,172.48631314475546
488,266,40.72368361,-73.97574813,50.802197799999995,45.00732601,Avenue D & E 8 St,289.11707552519863,263.0655756511993
489,3147,40.77801203,-73.95407149,105.2967033,105.57875459999998,E 85 St & 3 Ave,414.56959855871486,415.19615845920777
490,3243,40.75892386,-73.96226227,69.41025641,69.53113553,E 58 St & 1 Ave,224.04931157403854,224.45452546168627
491,349,40.71850211,-73.98329859,57.49084249,56.82051282,Rivington St & Ridge St,387.5818170908529,383.1440932314478
492,3660,40.74102151,-74.00138497,158.7948718,159.6373626,W 16 St & 8 Ave,1062.0204044600355,1071.9028368618513
493,3583,40.6716493,-73.9631145,25.58974359,23.50549451,Eastern Pkwy & Washington Ave,83.86390160544431,77.57186846076428
494,3438,40.77224854,-73.95842135,35.41758242,35.52380952,E 76 St & 3 Ave,213.42891718090556,213.9081648735457
495,3289,40.79017948,-73.97288918,39.10989011,35.66300366,W 90 St & Amsterdam Ave,220.60996062386707,201.15565369205166
496,528,40.74290902,-73.97706058,129.4285714,128.83150179999998,2 Ave & E 31 St,709.7997707251218,707.1872022389985
497,3063,40.69527008,-73.95238108,10.78021978,10.91208791,Nostrand Ave & Myrtle Ave,36.546259980921626,37.671298550235285
498,411,40.72228087,-73.97668709,55.83882784,55.604395600000004,E 6 St & Avenue D,321.71537246219566,316.50855998541135
499,3156,40.76663814,-73.95348296,83.70695971,83.96336996,E 72 St & York Ave,219.7951243714071,220.75072669515987
500,3101,40.72079821,-73.95484712,47.51648352,47.02197802,N 12 St & Bedford Ave,261.1825215105596,261.26812125581205
501,3081,40.711863,-73.944024,28.82783883,28.9010989,Graham Ave & Grand St,126.8130979019931,126.78849515215273
502,471,40.71286844,-73.95698119,50.28205128,50.50915751,Grand St & Havemeyer St,172.31192494335582,173.32695692390493
503,3613,40.745038,-73.957539,23.83882784,23.99267399,Center Blvd & 48 Ave,94.77127027813621,95.34832354730614
504,3552,40.805973,-73.964928,35.17948718,28.05494505,W 113 St & Broadway,133.3042499102936,107.11891412146778
505,3347,40.6773429,-74.01275056,17.84981685,20.73992674,Van Brunt St & Wolcott St,102.33176224077212,117.59328308348593
506,3348,40.677236,-74.015665,14.94505495,16.01098901,Coffey St & Conover St,57.73568721708203,63.16742051202743
507,3388,40.6828003,-73.99990419,27.15750916,27.23809524,President St & Henry St,151.6216625153088,152.63866214207468
508,3408,40.6881529,-73.99520919,41.49450549,42.06227106,Congress St & Clinton St,229.40004585706652,232.73192889091862
509,216,40.70037867,-73.99548059,23.44688645,19.42857143,Columbia Heights & Cranberry St,146.15615171831453,138.28396758724045
510,3180,40.69878,-73.99712,39.13919414,39.75824176,Brooklyn Bridge Park - Pier 2,118.29082729903081,112.40892751864922
511,3393,40.67943270000001,-74.00785041,9.703296703,10.26739927,Richards St & Delavan St,47.25035832000883,51.8883368068277
512,398,40.69165183,-73.99997859999998,68.13186813,74.09157509,Atlantic Ave & Furman St,104.74893395965346,113.03278718274093
513,3381,40.6777287,-73.99364123,17.75824176,18.25641026,3 St & Hoyt St,83.76590904479797,85.32928615563853
514,3422,40.6859296,-74.00242364,32.07692308,33.90842491,Columbia St & Degraw St,121.8301525661406,127.51565802948775
515,3396,40.6783563,-74.00014502,28.8974359,29.1025641,Clinton St & 4 Place,120.27754109155161,121.2566925670826
516,3112,40.72906,-73.95779,83.93406593,87.53113553,Milton St & Franklin St,237.7513897818472,247.15023367543446
517,3644,40.67581623,-74.01488185,6.626373626,7.549450548999999,Van Dyke St & Van Brunt St,46.741515036627845,52.8642260334607
518,3399,40.67260298,-73.98983002,16.90842491,17.78021978,7 St & 3 Ave,75.13463570252242,80.35178863591665
519,3330,40.672505799999996,-74.00494695,7.666666667,8.10989011,Henry St & Bay St,23.008001292089148,25.0899696397482
520,3392,40.68121170000001,-74.00860912,10.64468864,12.31501832,Commerce St & Van Brunt St,38.42931618129249,43.81850231465698
521,3344,40.679043,-74.011169,21.65201465,24.31501832,Pioneer St & Van Brunt St,88.58473550472722,99.95895366452065
522,3327,40.787721399999995,-73.94728331,10.0,10.01098901,3 Ave & E 100 St,97.55613908296439,98.62984557773743
523,3337,40.67363551,-74.01195556,7.2637362639999985,9.054945055,Dwight St & Van Dyke St,39.15064903204903,46.94185090034678
524,3340,40.6753274,-74.0100698,7.402930402999999,8.490842491,Wolcott St & Dwight St,53.88163976033622,62.784584779133354
525,3074,40.70767788,-73.94016171,20.85714286,21.09157509,Montrose Ave & Bushwick Ave,32.4642992618377,32.91971361473588
526,3073,40.70691254,-73.95441667,11.79120879,11.47985348,Division Ave & Hooper St,46.3328640878575,45.33097170027285
527,3179,40.698617,-73.941342,10.68131868,10.84981685,Park Ave & Marcus Garvey Blvd,34.331014889302544,35.089593086293576
528,3342,40.677774799999995,-74.0094613,8.677655677999999,10.27106227,Pioneer St & Richards St,63.6596797774321,74.11905342882962
529,3172,40.7785669,-73.97754961,50.04761905,47.13186813,W 74 St & Columbus Ave,425.04872435167977,374.48012632261555
530,3394,40.6769993,-74.00647134,4.417582418,5.249084249,Columbia St & W 9 St,28.43823316809265,33.255733029286425
531,3313,40.66631810000001,-73.9854617,18.82783883,18.02930403,6 Ave & 12 St,114.54300835071824,110.36975769868226
532,3108,40.72557000000001,-73.94434,46.48351648,46.45054945,Nassau Ave & Russell St,115.78453395782779,115.67978769386939
533,3082,40.71167351,-73.95141312,43.86080586,43.73260073,Hope St & Union Ave,161.49293415452385,160.69790947284255
534,3103,40.72153267,-73.95782357,11.87912088,12.05128205,N 11 St & Wythe Ave,161.4414523194637,165.1191520418706
535,3125,40.74708586,-73.94977234,29.996337,30.25641026,45 Rd & 11 St,88.33942430099763,89.09360957149711
536,3351,40.7869946,-73.94164802,47.08424908,47.695970700000004,E 102 St & 1 Ave,114.30115295809748,115.95367045104749
537,3328,40.795,-73.9645,42.68498168,40.0989011,W 100 St & Manhattan Ave,211.3359104383864,194.46482318501148
538,3132,40.76350532,-73.97109243,68.72893773,68.14285714,E 59 St & Madison Ave,372.29362753316246,356.42033206017675
539,3165,40.77579377,-73.97620574,164.7399267,156.78388280000001,Central Park West & W 72 St,598.3041995605852,547.6446268916563
540,3293,40.7921,-73.9739,51.47619048,50.26373626,W 92 St & Broadway,274.5720045232801,265.7814144822689
541,454,40.75455731,-73.96592976,59.7985348,60.01831502,E 51 St & 1 Ave,253.0256061420984,253.81594464734997
542,3042,40.6794268,-73.92989109999998,18.14652015,18.15750916,Fulton St & Utica Ave,18.14652015,18.15750916
543,3096,40.71924,-73.95241999999998,47.83882784,47.98534799,Union Ave & N 12 St,237.03474804848057,237.74497218395348
544,3064,40.69681963,-73.93756926,41.03296703,41.21978022,Myrtle Ave & Lewis Ave,62.2876863658111,62.51841613859387
545,3086,40.715143,-73.944507,63.91208791,63.55311355,Graham Ave & Conselyea St,192.50213996838193,191.54680040130597
546,3150,40.77536905,-73.94803392,42.36996337,42.73992674,E 85 St & York Ave,219.65204585922643,221.51058639499217
547,3430,40.71907891,-73.94223690000003,32.56043956,32.53846154,Richardson St & N Henry St,91.84900156482519,91.71588199097275
548,3102,40.72179134,-73.95041540000003,30.50549451,30.06959707,Driggs Ave & Lorimer St,207.22583733580984,205.8544610918278
549,3092,40.7190095,-73.95852515,73.27838828,73.59340659,Berry St & N 8 St,427.5108741583234,436.2522729747819
550,3131,40.7671284,-73.96224618,37.80586081,37.64102564,E 68 St & 3 Ave,186.9837184311066,185.67008585021657
551,3168,40.78472675,-73.96961715,120.8058608,118.1904762,Central Park West & W 85 St,342.8434392764506,322.1391702194104
552,3310,40.663779,-73.98396846,28.61538462,26.62637363,14 St & 7 Ave,77.1947301321659,72.12930796375969
553,3383,40.804213,-73.96699104,51.95970696,45.18681319,Cathedral Pkwy & Broadway,175.93463767266212,151.48484872878515
554,3596,40.6642406,-73.9574686,3.26007326,3.6996337,Sullivan Pl & Bedford Ave,32.078923907978755,34.522350528776215
555,3052,40.686312,-73.935775,20.46520147,20.58608059,Lewis Ave & Madison St,25.855814956981284,26.0191748573297
556,3288,40.778301,-73.9488134,31.01831502,31.72893773,E 88 St & 1 Ave,185.01621044934558,188.46388437978794
557,3615,40.74800000000001,-73.94609270000002,25.4981685,25.76190476,44 Dr & 21 St,103.95407501969028,104.8329051350993
558,3148,40.77565541,-73.95068615,59.17216117,59.57875458,E 84 St & 1 Ave,243.5521967601617,245.16116887104687
559,3350,40.797372100000004,-73.97041192,62.83516484,58.98534799,W 100 St & Broadway,132.97627698478829,125.37423921878366
560,3286,40.7806284,-73.9521667,22.78021978,22.90842491,E 89 St & 3 Ave,172.16798042259967,173.6469936039943
561,3136,40.766368,-73.971518,60.84615385,61.17582418,5 Ave & E 63 St,314.3992305034652,300.8663366913989
562,3124,40.74731,-73.95451,44.28937729,44.57875458,46 Ave & 5 St,138.35074947774774,139.27987717202072
563,3387,40.79343370000001,-73.94945003,15.25274725,15.3956044,E 106 St & Madison Ave,94.55712872276217,95.40054563015153
564,3170,40.78499979,-73.97283406,79.33699634,68.64835165,W 84 St & Columbus Ave,330.9758838733057,290.6451183460724
565,3135,40.77112927,-73.95772297,39.82783883,39.98534799,E 75 St & 3 Ave,255.39411922357834,256.3316798188132
566,3400,40.796153499999996,-73.94782145,33.53113553,33.89010989,E 110 St & Madison Ave,76.26433253036268,77.13606505565404
567,3369,40.7724607,-73.9468208,33.3003663,33.45421245,E 82 St & East End Ave,107.32530027017111,107.80916659068191
568,3654,40.75186951,-73.9334929,9.684981685,9.578754579,31 St & Northern Blvd,27.770082775661894,27.38235437607947
569,3602,40.763154,-73.920827,22.35164835,22.28205128,31 Ave & 34 St,68.22233071084209,68.0896094945981
570,3294,40.7835016,-73.955327,31.6043956,31.41758242,E 91 St & Park Ave,135.31145152854532,135.08410986867193
571,3312,40.78172120000001,-73.94594000000002,41.01465201,42.32234432,1 Ave & E 94 St,177.34055260922685,182.54816575751502
572,3238,40.7739139,-73.95439535,2.622710623,2.494505495,E 80 St & 2 Ave,149.99827997879143,150.46105338850265
573,3521,40.7987859,-73.9523,67.86813187,69.65934066,Lenox Ave & W 111 St,177.13975925960736,183.4399052148808
574,3553,40.801694,-73.957145,48.71428571,51.37362637,Frederick Douglass Blvd & W 112 St,167.1111430917294,176.5191542383484
575,3118,40.73555,-73.95284000000002,41.44322344,41.73260073,McGuinness Blvd & Eagle St,58.45078684964418,59.01110233420618
576,3137,40.77282817,-73.96685276,130.9230769,131.5054945,5 Ave & E 73 St,278.4931306071955,278.7651209484805
577,3152,40.76873687,-73.96119945,28.43589744,26.91941392,3 Ave & E 71 St,165.15466255292628,159.92491509134334
578,3370,40.7727966,-73.95577801,36.66666667,36.71428571,E 78 St & 2 Ave,287.3499924037689,288.48162580779854
579,3139,40.77118288,-73.96409422,46.88644689,45.07692308,E 72 St & Park Ave,230.4015347394334,225.02696381898622
580,3157,40.77518615,-73.94446054,24.86080586,25.07692308,East End Ave & E 86 St,77.5256888623647,78.19530532865215
581,3146,40.77573034,-73.9567526,46.89010989,46.91208791,E 81 St & 3 Ave,295.1785538751245,294.67337722387697
582,3127,40.74966,-73.9521,10.58608059,10.72161172,9 St & 44 Rd,44.29681619550563,44.72200481772642
583,3284,40.7814107,-73.95595908,30.35164835,30.38095238,E 88 St & Park Ave,183.81050863251323,183.5265109334812
584,3355,40.76800889,-73.96845281,19.40659341,19.34798535,E 66 St & Madison Ave,102.74510451520966,102.63021329991989
585,3606,40.74252,-73.948852,10.24542125,10.24542125,49 Ave & 21 St,23.302034880420962,23.35017146817907
586,3325,40.7849032,-73.950503,4.274725275,4.296703297,E 95 St & 3 Ave,94.68614212919054,96.20441834367654
587,3090,40.71774592,-73.95600096,91.60805861,94.58241758,N 8 St & Driggs Ave,422.46950246363235,434.6396327235646
588,3390,40.79329668,-73.9432083,15.97069597,16.24908425,E 109 St & 3 Ave,65.05364169445656,66.16276837421238
589,3285,40.78839,-73.9747,60.16483516,54.68498168,W 87 St & Amsterdam Ave,307.3452030849877,277.27286035035576
590,3614,40.768692,-73.9249574,15.92307692,16.07326007,Crescent St & 30 Ave,52.61779753543961,52.98226921325125
591,3144,40.77677702,-73.95900970000002,17.23443223,17.20512821,E 81 St & Park Ave,123.76768237289357,122.85306347772436
592,3374,40.799484,-73.955613,94.35897436,100.3553114,Central Park North & Adam Clayton Powell Blvd,247.66802206223002,262.277046712418
593,3509,40.8011939,-73.9500739,23.06959707,24.82051282,Lenox Ave & W 115 St,101.00130681323273,106.51187810186966
594,3629,40.80949535,-73.94776493,15.50915751,16.61904762,Adam Clayton Powell Blvd & W 126 St,70.77219669392888,74.89708062122868
595,3343,40.7997568,-73.96211287,24.14285714,22.47252747,W 107 St & Columbus Ave,118.20986209027552,108.03955802679124
596,3598,40.7595701,-73.91426779999998,10.901098900000001,10.89010989,Newton Rd & 44 St,31.912044456100617,31.861252315601867
597,3518,40.808442,-73.94520870000002,35.3992674,37.34432234,Lenox Ave & W 126 St,108.06286995938349,113.50271529283546
598,3151,40.7728384,-73.94989233,38.65201465,38.55677656,E 81 St & York Ave,176.89255963038147,177.35447494787812
599,3130,40.75325964,-73.94335788,18.98901099,19.25641026,21 St & Queens Plaza North,69.03769572452052,69.6680503091202
600,3497,40.794987899999995,-73.9333349,33.74358974,34.4029304,Pleasant Ave & E 116 St,92.44799828245469,94.29112819014232
601,3538,40.802692,-73.96295,35.53479853,29.9047619,W 110 St & Amsterdam Ave,108.34963648038455,92.05985901478448
602,3391,40.7892529,-73.93956237,12.45421245,13.03296703,E 106 St & 1 Ave,57.054631235746164,58.625375758352945
603,3357,40.80083629999999,-73.96644925,37.1025641,34.12820513,W 106 St & Amsterdam Ave,184.7083577960508,165.8476167751196
604,3490,40.796879,-73.93726099999998,11.14652015,11.35531136,E 116 St & 2 Ave,55.525081541487324,56.48919929365564
605,3295,40.791270000000004,-73.964839,98.69230769,85.03296703,Central Park W & W 96 St,249.31138852325756,218.56577086476108
606,3506,40.8013066,-73.93981670000002,8.509157509,8.523809523999999,Lexington Ave & E 120 St,71.2179714587126,71.62464386000258
607,3454,40.71036854,-73.94705951,24.85347985,24.78754579,Leonard St & Maujer St,101.45707507889036,101.37219835251807
608,3575,40.76108,-73.930562,11.64835165,11.69230769,Crescent St & 34 Ave,53.290484451674324,53.32796679282379
609,3292,40.78578510000001,-73.957481,46.17582418,46.17216117,5 Ave & E 93 St,155.4079516481834,155.69263410562664
610,3441,40.752957,-74.00264,12.57142857,12.73260073,10 Hudson Yards,250.02111170031876,256.80649191640236
611,443,40.70853074,-73.96408963,16.79120879,12.62271062,Bedford Ave & S 9 St,129.92476676687724,114.86648342546722
612,3119,40.74232744,-73.95411749,66.87912088,67.23443223,Vernon Blvd & 50 Ave,191.87220170855983,192.9148965735515
613,3290,40.7779453,-73.94604100000002,18.33699634,18.58608059,E 89 St & York Ave,97.38958212676368,98.91502844652548
614,3336,40.787801,-73.953559,47.27106227,47.35531136,E 97 St & Madison Ave,167.59627514684396,167.70767371770205
615,3105,40.724055,-73.955736,25.93772894,26.29304029,N 15 St & Wythe Ave,147.5350351714269,149.08419391698908
616,3623,40.8109494,-73.9634,24.97069597,19.24908425,W 120 St & Claremont Ave,78.8474207180523,61.81053325325617
617,3510,40.8078316,-73.949373,20.35164835,20.76923077,Adam Clayton Powell Blvd & W 123 St,66.6086147901006,68.76537200230938
618,2022,40.759107,-73.959223,29.32600733,29.43956044,E 60 St & York Ave,131.88221125953913,132.23590372633038
619,3116,40.732659999999996,-73.95826,45.16483516,47.25641026,Huron St & Franklin St,182.892192162422,190.17614834752783
620,3496,40.7923272,-73.9383,29.27106227,29.75091575,1 Ave & E 110 St,65.99265776649177,67.20310134084473
621,3498,40.7974772,-73.9311847,9.743589744,10.1025641,Pleasant Ave & E 120 St,31.528433221383377,32.40918314007297
622,3647,40.74128309,-73.93725872,5.9340659339999995,5.875457875,48 Ave & 30 Pl,17.696210416293937,17.60876387505718
623,3309,40.7859201,-73.94860294,13.0952381,13.15750916,E 97 St & 3 Ave,130.88349220262018,132.72304524366263
624,3566,40.7596276,-73.93214549999998,9.941391941000001,9.831501832,Crescent St & 35 Ave,41.23477752798168,40.95135243826597
625,3593,40.761584,-73.925921,34.86813187,34.4981685,31 St & Broadway,110.8999854818047,109.96284750543785
626,3611,40.7449067,-73.9534573,19.76923077,19.94871795,Vernon Blvd & 47 Rd,123.58731325276004,124.48672395596827
627,3087,40.71413311,-73.95234386,46.4981685,45.81318681,Metropolitan Ave & Meeker Ave,156.93656301425403,155.22060013766324
628,3069,40.70411791,-73.94818595,11.62637363,12.47985348,Lorimer St & Broadway,45.331341770608084,47.73408082816093
629,3113,40.730259999999994,-73.95394,53.62637363,53.77655678,Greenpoint Ave & Manhattan Ave,171.9628261920987,173.64105034965735
630,428,40.72467721,-73.98783413,0.003663004,0.014652015,E 3 St & 1 Ave,342.82532521214523,346.8570622233608
631,3123,40.74469738,-73.93540375,11.46153846,11.4981685,31 St & Thomson Ave,26.316816076149188,26.370305120111556
632,3631,40.666563000000004,-73.95674100000002,5.578754579,5.7032967029999995,Crown St & Bedford Ave,32.116733647434906,32.851189043945276
633,3061,40.69622937,-73.94371094,9.025641026,8.813186813,Throop Ave & Myrtle Ave,26.936020046281932,26.69573449911565
634,3091,40.71764,-73.94882,14.10622711,13.64102564,Frost St & Meeker St,101.58543219801153,99.85847095338815
635,3541,40.813358,-73.956461,17.06959707,19.61172161,Amsterdam Ave & W 125 St,75.49605084548938,82.76596355303101
636,3591,40.7659,-73.930819,15.72527473,15.901098900000001,21 St & 31 Dr,52.661811288709956,53.0778459956435
637,3068,40.7031724,-73.940636,21.94139194,23.57142857,Humboldt St & Varet St,49.0959679250148,52.51552485344032
638,3531,40.8125511,-73.9492286,14.97069597,15.87912088,Frederick Douglass Blvd & W 129 St,49.78528251983836,52.41756608200491
639,3117,40.735640000000004,-73.95866,34.54578755,34.76923077,Franklin St & Dupont St,80.65721714516431,82.05909687985228
640,3587,40.6686744,-73.9618148,8.706959707000001,8.633699634,Carroll St & Washington Ave,41.858052247674905,40.565647344044294
641,3059,40.693398200000004,-73.939877,9.673992673999999,9.582417582,Pulaski St & Marcus Garvey Blvd,32.01283043935918,31.67861838880662
642,3109,40.72606,-73.95621,43.82417582,44.82417582,Banker St & Meserole Ave,166.92522044272891,170.7502371315536
643,3403,40.6705135,-73.98876585,25.65201465,28.78021978,4 Ave & 9 St,115.8284273367966,126.65922128135176
644,3452,40.71915572,-73.94885391,25.56776557,25.41025641,Bayard St & Leonard St,145.2559504165815,144.2936925356432
645,3618,40.7485,-73.941275,13.47252747,13.48351648,27 St & Hunter St,88.30064105481587,88.5196892344955
646,3071,40.70538077,-73.94976519,17.11355311,17.46153846,Boerum St & Broadway,58.6115988175431,59.801833263493364
647,3065,40.70029511,-73.95032283,11.0,11.38095238,Union Ave & Wallabout St,23.625036190791114,24.44534020438948
648,3563,40.757186,-73.93271899999998,12.13186813,12.12454212,28 St & 36 Ave,38.647746206865385,38.46056882356732
649,3072,40.70583339,-73.94644578,13.8974359,14.28571429,Leonard St & Boerum St,71.12407928669208,73.01989677537682
650,3477,40.65539977,-74.01062787,7.384615385,9.267399267,39 St & 2 Ave - Citi Bike HQ at Industry City,24.63973028696792,29.837674278398897
651,3590,40.6679411,-73.9588,5.043956044,5.087912088,Carroll St & Franklin Ave,42.805529884508665,42.81485275226212
652,3585,40.6691783,-73.9554162,7.805860806,7.791208791,Union St & Bedford Ave,42.8006325838838,42.55753730264064
653,3094,40.7169811,-73.94485918,23.5018315,23.48351648,Graham Ave & Withers St,127.1535375619746,126.77844889298737
654,3324,40.6685455,-73.99333264,17.15384615,18.50915751,3 Ave & 14 St,56.46572209069038,60.8112946702782
655,3367,40.792255299999994,-73.95249933,58.84615385,58.98901099,5 Ave & E 103 St,176.4115294617248,176.75415835947356
656,3595,40.760339,-73.9222427,14.79487179,14.84615385,35 St & Broadway,67.02068138362546,67.05003529267772
657,3070,40.70510918,-73.94407279,14.45054945,14.80952381,McKibbin St & Manhattan Ave,64.76330260598324,66.90032518307072
658,3560,40.754876,-73.934326,12.02564103,11.74725275,28 St & 38 Ave,38.40525198963233,37.65741275670828
659,3128,40.75052534,-73.94594845,8.615384615,8.681318681,21 St & 43 Ave,42.48863279947648,42.82173762875675
660,3469,40.73181402,-73.95995021,20.95970696,21.70695971,India St & West St,98.7691604321179,102.51134901493512
661,3395,40.6763744,-74.00324957,0.5970695970000001,0.5970695970000001,Henry St & W 9 St [old],20.17681261662254,21.15386133148116
662,3345,40.78948542,-73.95242929,27.97435897,27.68131868,Madison Ave & E 99 St,159.04263172317036,158.24535314167247
663,3642,40.7872852,-73.95012259,0.981684982,0.9963369959999999,E 98 St & Lexington Ave,75.23745703639017,75.71259518640969
664,3341,40.795346,-73.96186,35.47252747,30.78754579,Central Park West & W 102 St,178.88476070865315,160.54514099347813
665,3379,40.79030510000001,-73.94755757,25.37728938,25.95604396,E 103 St & Lexington Ave,115.80469314311537,118.00049439986957
666,3318,40.7839636,-73.94716729999998,65.39194139,67.28937729,2 Ave & E 96 St,349.641495048318,359.20792243096935
667,3556,40.752708500000004,-73.9397405,14.61172161,14.62637363,24 St & 41 Ave,95.58380883438917,95.78271922199019
668,3507,40.8045555,-73.93968609999997,58.46153846,58.68864469,Park Ave & E 124 St,214.11273894837944,215.1744174395583
669,3568,40.75693320000001,-73.92622309999999,16.71794872,16.73992674,34 St & 35 Ave,70.02323532528544,70.10877125584214
670,3535,40.804038,-73.945925,21.32967033,21.56410256,Mt Morris Park W & W 120 St,64.53359446716303,65.30588369011862
671,3646,40.76315482,-73.9398551,6.915750916,6.937728937999999,35 Ave & 10 St,27.182846015252245,27.139269381052507
672,3527,40.806979999999996,-73.94174699999998,10.62271062,10.57142857,5 Ave & E 126 St,69.1262847691245,69.86408086829069
673,3296,40.78245418,-73.94891962,30.47985348,31.6007326,E 93 St & 2 Ave,228.46466887595628,235.2116942499951
674,3363,40.7904828,-73.95033068,18.68498168,18.83150183,E 102 St & Park Ave,144.5063154130375,145.353530663988
675,3520,40.804372,-73.951475,14.71062271,15.45421245,Adam Clayton Powell Blvd & W 118 St,86.80410420748616,91.53175885713233
676,3649,40.81439444,-73.95324737,10.73260073,10.61538462,W 129 St & Convent Ave,40.55491795987407,41.72516805995106
677,3512,40.7747175,-73.93378940000002,2.721611722,3.3223443219999997,27 Ave & 4 St,11.577950284035747,12.60857989682149
678,3551,40.795508,-73.94160600000002,10.54945055,10.65201465,3 Ave & E 112 St,55.01427339143434,55.69665613980513
679,3500,40.7989445,-73.944846,11.07692308,11.21245421,E 115 St & Madison Ave,57.61371323087205,58.18415865450246
680,3545,40.8120562,-73.9612547,16.72527473,15.83516484,Broadway & W 122 St,74.90688413122791,68.9907936330804
681,3620,40.7519071,-73.94791190000002,2.593406593,2.549450549,11 St & 43 Ave,17.490887423594025,17.496881738604525
682,3122,40.74436329,-73.95587325,13.63736264,13.67032967,48 Ave & 5 St,116.07474049228537,116.63331071751728
683,3621,40.7739825,-73.93091340000002,7.10989011,7.128205127999999,27 Ave & 9 St,18.48163172591446,18.798777911544935
684,3126,40.74718234,-73.9432635,39.7032967,39.82051282,44 Dr & Jackson Ave,120.87390781748884,121.30821264487682
685,3491,40.797470000000004,-73.93504,14.12454212,14.37728938,E 118 St & 1 Ave,73.30922485108584,74.64207310953253
686,3338,40.786258600000004,-73.94552579,18.11721612,18.35164835,2 Ave & E 99 St,120.91199063590237,122.91016890688822
687,3555,40.751047,-73.93796999999998,24.04761905,24.17948718,28 St & 41 Ave,108.00353047145451,108.3425069828721
688,3605,40.76583460000001,-73.9265474,16.42490842,16.38827839,31 Ave & Crescent St,67.85029634396867,67.73829078301802
689,3221,40.743,-73.93561,11.098901099999999,11.10622711,47 Ave & 31 St,30.191209288049016,30.196063227091663
690,3530,40.7787185,-73.9145645,12.11355311,12.2014652,Crescent St & Ditmars Blvd,27.751702327753172,27.97938314905592
691,3425,40.789210499999996,-73.94370784,28.08058608,28.45054945,2 Ave & E 104 St,117.65921911634125,119.31764407321623
692,3588,40.7671863,-73.9373554,15.07692308,15.32234432,Vernon Blvd & 10 St,48.095618225918535,48.84398385717272
693,3625,40.752575799999995,-73.9364281,7.076923077000001,6.853479853,28 St & 40 Ave,50.57569620983914,49.90574361805925
694,3326,40.67434,-74.00194698,7.080586081,7.692307692000001,Clinton St & Centre St,38.27213460103947,40.473309177842815
695,3619,40.7713615,-73.9246145,14.62271062,14.72893773,Newtown Ave & 23 St,39.676242259460345,39.97432279740303
696,3532,40.78145,-73.9183302,18.24908425,18.31868132,Ditmars Blvd & 19 St,20.39499700429146,20.47572620722689
697,3564,40.760185299999996,-73.9362726,3.985347985,3.84981685,21 St & 36 Ave,18.647519695189246,18.144257216000256
698,3505,40.805726,-73.936322,7.333333333,7.435897436,Lexington Ave & E 127 St,41.23991786523736,41.745284092057496
699,3515,40.774591,-73.918544,12.05494505,12.00732601,24 Ave & 26 St,38.035655223070385,37.98594817232693
700,3503,40.80295,-73.942954,9.146520147,9.227106227,Madison Ave & E 120 St,66.45445115348123,66.8327382516734
701,3449,40.72146256,-73.94800901,17.01098901,16.98534799,Eckford St & Engert Ave,125.14585421671501,124.89944905108368
702,3499,40.8006721,-73.9349,9.80952381,9.904761905,2 Ave & E 122 St,31.10753956909936,31.55241386117647
703,3577,40.762813799999996,-73.9342862,9.63003663,9.556776557000001,34 Ave & 21 St,35.23527803168831,34.97778879766198
704,3529,40.8107922,-73.9430681,31.73260073,32.78388278,Lenox Ave & W 130 St,67.09394755340351,69.56513966386066
705,3456,40.71638032,-73.94821286,9.322344322000001,9.208791209,Jackson St & Leonard St,90.34964565376823,89.55106091156983
706,3095,40.71929301,-73.94500379,18.10989011,18.10622711,Graham Ave & Herbert St,105.5511673098388,105.30122501997438
707,3501,40.801486600000004,-73.9442507,11.64835165,11.63736264,E 118 St & Madison Ave,60.9462895869166,61.087876952466125
708,3495,40.79456629999999,-73.9362541,10.79487179,10.97435897,E 114 St & 1 Ave,65.1942980236196,66.33410856242347
709,3597,40.7577284,-73.9166368,15.86813187,15.96336996,43 St & Broadway,35.978875568561044,36.08279138079663
710,3424,40.791976,-73.945993,15.05860806,15.31868132,E 106 St & Lexington Ave,82.67578763923558,84.07980252467404
711,3184,40.7141454,-74.0335519,0.0,0.029304029,Paulus Hook,0.0,0.09341002426194636
712,3333,40.6747055,-74.00755720000002,2.333333333,3.794871795,Columbia St & Lorraine St,23.975426947538715,31.195208854179484
713,3592,40.7633589,-73.92864709999998,21.34432234,21.32234432,Crescent St & Broadway,84.16318411745269,84.0321650672102
714,3493,40.799139000000004,-73.9389152,13.16117216,13.31135531,E 118 St & 3 Ave,62.31857119374504,63.01829396540627
715,3617,40.7671,-73.9169858,15.84249084,15.73992674,28 Ave & 35 St,57.022143973201366,56.79267915572374
716,3514,40.7767,-73.927631,16.36630037,16.45054945,Astoria Park S & Shore Blvd,22.054185780293444,22.165456725725825
717,3570,40.7557327,-73.92366109999998,17.996337,18.04029304,35 Ave & 37 St,69.5316191291041,69.67276054553925
718,3502,40.79541210000001,-73.9441232,17.77655678,18.17948718,Lexington Ave & E 111 St,86.97780504374713,88.59327706138536
719,3589,40.7668,-73.93477740000002,10.33333333,10.42490842,Broadway & 12 St,57.992547664108145,58.60020575776784
720,3516,40.76991760000001,-73.91840570000002,29.4029304,29.27838828,31 St & Astoria Blvd,90.03775657983756,89.71857584304898
721,3302,40.7969347,-73.96434123,14.70695971,12.05860806,Columbus Ave & W 103 St,147.2555619205561,129.75499961730932
722,3543,40.81028506,-73.95736456,9.626373626,9.102564102999999,Morningside Dr & Amsterdam Ave,65.67740028796379,62.60674535056524
723,3603,40.7647,-73.9240312,16.22710623,16.12087912,31 Ave & 30 St,74.22230996328649,73.87490535563948
724,3573,40.7580583,-73.92427509999997,10.26007326,10.27106227,35 St & 34 Ave,76.6450269349654,76.67778473637432
725,3554,40.7552433,-73.94856779999998,9.750915751,9.776556777,Vernon Blvd & 41 Rd,16.23368610339818,16.258290668457168
726,3511,40.802535,-73.9532423,14.7985348,15.4029304,Adam Clayton Powell Blvd & W 115 St,136.36727802592966,143.54624127007355
727,3609,40.7692475,-73.93545040000002,10.08791209,10.41391941,Vernon Blvd & 31 Ave,51.50863033011453,52.65829895007885
728,3504,40.802926299999996,-73.9379,13.48717949,13.93040293,E 123 St & Lexington Ave,78.91186656786871,80.39765109800021
729,3561,40.7531106,-73.9279917,10.67032967,10.65934066,37 Ave & 35 St,14.561912231136208,14.552484642378948
730,3572,40.756913,-73.921631,27.81684982,27.85347985,34 Ave & 38 St,82.54816455428039,82.67538598001818
731,3526,40.7747878,-73.91255509999998,36.12087912,36.36630037,31 St & 23 Ave,69.54704422502374,70.05297661098069
732,3622,40.807559999999995,-73.93918199999997,12.52014652,12.72161172,E 128 St & Madison Ave,59.53122835269453,60.10912140736811
733,3428,40.740983,-74.00170200000002,0.0,0.003663004,8 Ave & W 16 St,398.45507766619244,405.30374853385354
734,3586,40.763875299999995,-73.9364848,4.516483516,4.472527473,34 Ave & 13 St,31.9936621531664,31.77576225241031
735,3653,40.75820465,-73.92832159999998,14.46153846,14.52014652,31 St & 35 Ave,54.78596380830366,54.86997836289207
736,3492,40.8005385,-73.9419949,5.36996337,5.296703297,E 118 St & Park Ave,53.16940892353557,53.10316484467023
737,3540,40.81,-73.9551508,16.7032967,17.18681319,Morningside Ave & W 123 St,84.9824787281669,87.51635621226333
738,3494,40.797911,-73.9423,13.89377289,13.94139194,E 115 St & Lexington Ave,74.64533375129557,75.10211257819735
739,3612,40.77037429999999,-73.9286078,7.373626374,7.428571429,30 Ave & 21 St,21.179900048379373,21.33011990457106
740,3522,40.7701477,-73.9120938,10.34065934,10.43223443,37 St & 24 Ave,17.854587328118733,18.010052837846125
741,3120,40.741609999999994,-73.96044,17.79487179,17.84615385,Center Blvd & Borden Ave,27.473400450508375,27.56665171563563
742,3567,40.76274420000001,-73.9391141,3.663003663,3.362637363,11 St & 35 Ave,23.396329958721733,22.605871585122042
743,3616,40.7656251,-73.9136695,14.42490842,14.44688645,Steinway St & 28 Ave,30.9237632357447,30.954185783762103
744,3610,40.770845,-73.93417099999998,19.57509158,19.78388278,Vernon Blvd & 30 Rd,58.40597889804857,59.229897471357944
745,3565,40.7614376,-73.9411265,12.21245421,12.34065934,36 Ave & 10 St,30.82941838205261,30.933667555290945
746,3607,40.7682,-73.9322662,9.531135531,9.567765567999999,31 Ave & 14 St,48.798215950217994,49.21013412703822
747,3528,40.771393700000004,-73.9077436,11.97069597,12.17948718,Steinway St & 23 Ave,13.923499245925209,14.158580041943976
748,3524,40.77745520000001,-73.9225403,15.65934066,15.703296700000001,19 St & 24 Ave,26.782442921615882,26.86307731140203
749,3525,40.776165,-73.9153175,6.692307692000001,6.813186813,23 Ave & 27 St,43.377637707104356,43.82697447092626
750,3513,40.774645,-73.92370600000002,8.945054945,8.992673993,21 St & Hoyt Ave S,29.264230491662328,29.41331138715413
751,3517,40.771152799999996,-73.9170074,16.62637363,16.57142857,31 St & Hoyt Ave N,65.14998694546176,64.9667675732364
752,3559,40.7576314,-73.9391224,3.6776556780000003,3.424908425,21 St & 38 Ave,8.170857598058774,7.803264526073803
753,3557,40.75742,-73.945133,3.84981685,3.853479853,40 Ave & 9 St,8.213814217293166,8.246358291537199
754,3523,40.7729,-73.91614200000002,10.57875458,10.65934066,24 Ave & 29 St,58.42080889517279,58.65075972344222
755,3239,40.64653837,-74.01658773,0.523809524,0.523809524,Bressler,0.523809524,0.523809524
756,3488,45.50636405,-73.56946349,0.010989011000000002,0.014652015,8D QC Station 01,0.15908619603177482,0.16457756050718986
757,3662,40.7612939,-73.91691685,15.43589744,15.25274725,31 Ave & Steinway St,39.186150327186915,38.87285225253526
758,3650,45.50626419,-73.56890559,0.28571428600000004,0.28571428600000004,8D Mobile 01,0.4338114710317748,0.4356398315071899
759,3457,40.76302594,-73.97209525,58.24175824,58.61172161,E 58 St & Madison Ave,360.433137491396,346.22309585566177
760,3214,40.71277420000001,-74.03648570000001,0.0,0.054945055,Essex Light Rail,0.0,0.1662099835834365
761,3040,40.66979964,-73.99497986,0.029304029,0.032967033,GOW Tech Shop,13.8697659594552,14.809134106568772
762,3481,40.71649,-74.04105,0.0,0.007326007,York St,0.0,0.045768145385800575
763,3267,40.71241882,-74.03852552,0.0,0.04029304,Morris Canal,0.0,0.11293177073077373
764,3608,40.7423737,-73.9566,10.05860806,10.11721612,5 St & 51 Ave,82.95868533714611,83.41083910555199
765,3668,40.72395678,-73.94984365,32.88644689,33.02930403,Leonard St & Nassau Ave,178.8168499243685,179.34729244201688
766,3487,40.65659567,-74.00849283,0.04395604400000002,0.047619048,Prototype Lab Motivate Headquarters,14.89100839005474,17.493691954628375
767,3671,40.77477945,-73.95427465,27.82417582,27.88644689,E 81 St & 2 Ave,232.46489778764686,233.37307736421192
768,3674,40.70140317,-73.9867267,73.77655678,76.54578755,Jay St & York St,329.47259895264807,345.37483636501
769,3669,40.67630358,-74.00314048,5.208791209,5.435897436,Henry St & W 9 St,31.927313927341256,33.43210586736831
770,3299,40.788129999999995,-73.95206,8.802197802,8.776556777,E 98 St & Park Ave,93.32133738019941,93.24292488595214
771,3672,40.66976709,-73.99474382,0.010989011000000002,0.010989011000000002,Apache,14.535256406693879,15.516696595304595
772,3192,40.711242299999995,-74.0557013,0.0,0.036630037000000004,Liberty Light Rail,0.0,0.036630037
773,3680,40.75412081,-73.98025185,67.46153846,66.93040293,E 43 St & 5 Ave,654.7933269696617,650.7630226307618
774,3673,40.67759207,-73.95563722,18.35531136,18.27838828,Dean St & Franklin Ave,104.00219675237396,101.66409875740054
775,3628,40.8025566,-73.9490782,19.45054945,19.58608059,Lenox Ave & W 117 St,77.22817024824496,78.96336543982775
776,3681,40.71517768,-74.03768331,0.0,0.007326007,Grand St,0.0,0.07346436171765165
777,3182,40.686931,-74.016966,26.0,25.97435897,Yankee Ferry Terminal,26.0,25.97435897
778,3185,40.717732500000004,-74.04384499999998,0.0,0.007326007,City Hall,0.0,0.03569093196446107
779,3254,40.69231661,-74.01486576,28.97069597,29.08424908,Soissons Landing,28.97069597,29.08424908
780,3186,40.71958612,-74.04311746,0.0,0.003663004,Grove St PATH,0.0,0.013927650502028304
781,3684,40.73756121,-74.00398269,64.62637363,65.17948718,W 12 St & W 4 St,575.800675870546,583.0490539679549
782,3686,40.73944820000001,-74.00507033,97.25641026,98.72527473,Gansevoort St & Hudson St,756.5479038418969,769.5323414011345
783,3683,40.71015471,-73.98453534,0.333333333,0.28571428600000004,Smart Cities Conference,29.0574432049375,29.06260231627959
784,3676,40.67583294,-74.01472628,18.63369963,20.68498168,Van Brunt St & Van Dyke St,76.47789890001769,85.47077633059884
785,3675,40.7845968,-73.94968539,16.43223443,16.52014652,3 Ave & E 95 St,153.7597883088372,156.0731297040033
786,3666,40.76642553,-73.92062902,21.02197802,21.16483516,32 St & 30 Ave,64.63255253150332,64.83745492578666
787,3276,40.71458404,-74.04281706,0.0,0.029304029,Marin Light Rail,0.0,0.0626336084080795
788,3183,40.7162469,-74.0334588,0.0,0.029304029,Exchange Place,0.0,0.08686595687797546
789,3213,40.71848892,-74.04772663,0.0,0.010989011000000002,Van Vorst Park,0.0,0.015535577185601555
790,3479,40.6851256,-74.02535319,20.83516484,20.6007326,Picnic Point,20.83516484,20.6007326
791,3196,40.7443187,-74.04399090000003,0.0,0.007326007,Riverview Park,0.0,0.007326007
792,3195,40.73074263,-74.06378388,0.0,0.007326007,Sip Ave,0.0,0.007326007
793,3203,40.72759597,-74.04424731,0.0,0.010989011000000002,Hamilton Park,0.0,0.020861983317741
794,3198,40.74871595,-74.04044329999998,0.0,0.032967033,Heights Elevator,0.0,0.032967033
795,3426,40.70965083,-74.06860113,0.0,0.003663004,JCBS Depot,0.0,0.003663004
796,3687,40.74322681,-73.97449784,61.58974359,61.78388278,E 33 St & 1 Ave,407.2698973658768,407.890348259127
797,298,40.68683208,-73.9796772,22.89377289,23.48717949,3 Ave & Schermerhorn St,241.50524080958036,263.0403692215183
798,3688,40.75792021,-73.96638215,33.65567766,33.54578755,2 Ave & E 55 St,341.39602507644423,341.5121428868174
799,3689,40.79904139,-73.96649479999998,15.87912088,14.20512821,W 104 St & Amsterdam Ave,106.74423959226469,94.72124987239638
800,3275,40.71835520000001,-74.03891444,0.0,0.007326007,Columbus Drive,0.0,0.026444110541521987
801,3692,40.69999748,-73.97440128,3.289377289,3.505494505,5 St & Market St,30.40836009116089,32.97005891249651
802,3691,40.76408932,-73.91065121,5.296703297,5.347985348,28 Ave & 44 St,11.944132143840811,12.020107469546218
803,3651,40.72522577,-73.97468617,0.0,0.007326007,Bike Mechanics at Riis Room A,109.22795911365716,99.10854476616524
804,3199,40.728744799999994,-74.03210820000002,0.0,0.04395604400000002,Newport Pkwy,0.0,0.06664749700036579
805,3036,40.66290777,-73.99972199999998,0.010989011000000002,0.007326007,8D OPS 01,0.010989011000000002,0.007326007
806,3697,40.77515953,-73.98918696,24.6007326,24.38461538,W 64 St & Thelonious Monk Circle,154.6114216881188,153.06494102891705
807,3690,40.71334184,-74.00935516,17.52747253,17.64835165,Park Pl & Church St,344.0783493807857,347.72845451573835
808,3695,40.72686952,-73.98919031,34.37728938,34.86446886,E 5 St & 2 Ave,522.2146515252709,531.9594725255367
809,3693,40.72248189,-73.95921931,12.84615385,13.03663004,N 11 St & Kent Ave,116.79174956806038,120.86739171878209
810,3153,40.76817547,-73.95910263,10.26373626,10.35897436,E 71 St & 2 Ave,176.99121678452926,177.02961221291906
811,3678,40.72572614,-74.07195926,0.0,0.003663004,Fairmount Ave,0.0,0.003663004
812,3270,40.72528911,-74.04557168,0.0,0.010989011000000002,Jersey & 6th St,0.0,0.020861983317741
813,3645,40.67233267,-73.99706125,0.0,0.003663004,Bike Mechanics at Riis Room B,20.313030842996692,20.83621697948973
814,3202,40.7272235,-74.03375890000002,0.0,0.003663004,Newport PATH,0.0,0.03125317539072203
815,3191,40.71821129999999,-74.08363940000002,0.0,0.010989011000000002,Union St,0.0,0.010989011000000002
816,3638,40.7242941,-74.0354826,0.0,0.010989011000000002,Washington St,0.0,0.018383146629231534
817,3268,40.71346383,-74.06285852,0.0,0.007326007,Lafayette Park,0.0,0.007326007
818,3699,40.76360468,-73.98917958,13.46520147,13.49450549,W 50 St & 9 Ave,297.355124503113,297.00922674955126
819,3700,40.77940609,-73.95333588,5.5677655679999996,5.578754579,E 87 St & 3 Ave,117.47345643301247,117.83285714189147
820,3701,40.70831794,-74.00504082,18.1025641,18.13919414,Cliff St & Fulton St,302.179191934862,304.4115663608932
821,3705,40.72840059,-73.99968781,21.71062271,21.70695971,Thompson St & Bleecker St,448.15937209232965,457.20484192422924
822,3704,40.74375241,-73.94176483,0.201465201,0.21611721600000008,47 Ave & Skillman Ave,11.029809618683041,11.07912568840454
823,493,40.7568001,-73.98291153,12.5970696,12.5970696,W 45 St & 6 Ave,206.52992473136544,207.15232538558564
824,3187,40.72112360000001,-74.03805095,0.0,0.003663004,Warren St,0.0,0.013754309051051686
825,3630,40.8038654,-73.95593079999998,2.7912087910000003,2.875457875,Frederick Douglass Blvd & W 115 St,74.54404867885518,79.2754146967003
826,3639,40.71925170000001,-74.034234,0.0,0.018315018,Harborside,0.0,0.04143674646353036
827,3154,40.77314236,-73.95856158,0.446886447,0.428571429,E 77 St & 3 Ave,96.54502263553474,96.65214422896855
